[dotenv@17.2.4] injecting env (3) from .env.stg -- tip: 🔐 prevent committing .env to code: https://dotenvx.com/precommit
Bundling asset InfraStack-stg/AdminApiConstruct/adminAuthorizer/Code/Stage...

  ...86312f567889373ac6fdced485e7ece6ebf58d09f1bed4-building\index.js  1.2mb

Done in 115ms
Bundling asset InfraStack-stg/AdminApiConstruct/admin_check/Code/Stage...

  ...0fa838f8c242135e377544a8f4fc65c4b6a793c2b979dbcb-building\index.js  1.2kb

Done in 6ms
Bundling asset InfraStack-stg/AdminApiConstruct/admin_dump/Code/Stage...

  ...56a59d258be17e796d55e4dc8abc6d584d980885eb7c2414-building\index.js  2.7kb

Done in 3ms
Bundling asset InfraStack-stg/AdminApiConstruct/admin_links/Code/Stage...

  ...915c22691e79c98030c70e6345d073a84f5e9ab1975edf91-building\index.js  7.1kb

Done in 3ms
Bundling asset InfraStack-stg/AdminApiConstruct/admin_qr_list/Code/Stage...

  ...9aa2772ac0fed3e599ff3f9844cbf34703f028a9232d81-building\index.js  1.1mb

Done in 109ms
Bundling asset InfraStack-stg/AdminApiConstruct/admin_qr_generate/Code/Stage...

  ...67deed29ad6460a4bfa979c4385e5abc159e2db65785e88-building\index.js  12.0kb

Done in 12ms
Bundling asset InfraStack-stg/AdminApiConstruct/admin_qr_ban/Code/Stage...

  ...2102420358e5d0cafff2becfa1d1fe864f801ba50451ecc5-building\index.js  4.9kb

Done in 8ms
Bundling asset InfraStack-stg/AdminApiConstruct/admin_qr_deleteban/Code/Stage...

  ...66718b9edab97f992b419ea43058a601aca5a8820026ab3c-building\index.js  4.3kb

Done in 3ms
Bundling asset InfraStack-stg/AdminApiConstruct/admin_changeowner/Code/Stage...

  ...50b7ffdbd8f6b4911ced5358fa8d9e2bb549c3ab471fcc-building\index.js  1.1mb

Done in 116ms
Bundling asset InfraStack-stg/AdminApiConstruct/admin_carddesigns/Code/Stage...

  ...a73b39557bdc1627bf2f54f1be1a5f242dd726dfaf187f2-building\index.js  13.1kb

Done in 5ms
Bundling asset InfraStack-stg/ShopApiConstruct/ShopAuthorizerFn/Code/Stage...

  ...eefd34054a4b6058426ec0c556ec1739e842995577c5e1-building\index.js  1.2mb

Done in 111ms
Bundling asset InfraStack-stg/ShopApiConstruct/shop_create/Code/Stage...

  ...98da9d4e24c4160fba836fd24498e8cb57762f681a58b55c-building\index.js  7.2kb

Done in 5ms
Bundling asset InfraStack-stg/ShopApiConstruct/shop_list/Code/Stage...

  ...92395f4a4e3e1cc14c466521a614cf759d64979f23bb112a-building\index.js  6.5kb

Done in 3ms
Bundling asset InfraStack-stg/ShopApiConstruct/shop_details/Code/Stage...

  ...06ca8df87e254734592ab320a218ea059e091c257feede5-building\index.js  10.1kb

Done in 5ms
Bundling asset InfraStack-stg/ShopApiConstruct/shop_products/Code/Stage...

  ...d178e1018488dfef7d24d0b1c8e07ca6439cb61fe7f5ebc-building\index.js  13.4kb

Done in 4ms
Bundling asset InfraStack-stg/ShopApiConstruct/shop_products_import/Code/Stage...

  ...a29fbda553911a1887eb1cf259dbe83a7f6d84b17c9f548-building\index.js  10.0kb

Done in 4ms
Bundling asset InfraStack-stg/ShopApiConstruct/shop_products_uploadurl/Code/Stage...

  ...b31852a510562b5fac9a08ce347378672a9093207f8b8088-building\index.js  7.2kb

Done in 7ms
Bundling asset InfraStack-stg/ShopApiConstruct/shop_qr/Code/Stage...

  ...60b0c3e34e8a1bb2b33950c4c0a6a37e8262bda7e04c477-building\index.js  15.2kb

Done in 9ms
Bundling asset InfraStack-stg/ShopApiConstruct/shop_admins/Code/Stage...

  ...479d2a297db0ac4435b151bdd84056d1063fea264d6c59f4-building\index.js  5.4kb

Done in 4ms
Bundling asset InfraStack-stg/ShopApiConstruct/shop_delete_images/Code/Stage...

  ...ec2bb8ac92d250d6415c028ee8d820ae1928c6c813448ec2-building\index.js  6.2kb

Done in 4ms
Bundling asset InfraStack-stg/ShopApiConstruct/shop_orders/Code/Stage...

  ...d84408472613324e5f124d81dab9f80215a8a4f30c906e-building\index.js  473.3kb

Done in 48ms
Bundling asset InfraStack-stg/ReceiveApiConstruct/receive_authorizer_fn/Code/Stage...

  ...81ad7b9d31ae0238d4ce0ab09d092ce78baf3b43a67a50-building\index.js  1.1mb

Done in 104ms
Bundling asset InfraStack-stg/ReceiveApiConstruct/receive_verify/Code/Stage...

  ...4be95e7d79731ea8284c675d3449db8ea4a752b171e401-building\index.js  1.2mb

Done in 114ms
Bundling asset InfraStack-stg/ReceiveApiConstruct/receive_submit/Code/Stage...

  ...d5f853e94c50066384581ce9efb8afd79ebcaa20e2f63f-building\index.js  1.6mb

Done in 137ms
Bundling asset InfraStack-stg/ReceiveApiConstruct/receive_completed/Code/Stage...

  ...289f46194b569f28af77ff45fe2edf19adf7105a0efe10-building\index.js  466.1kb

Done in 47ms
Bundling asset InfraStack-stg/ReceiveApiConstruct/receive_chat/Code/Stage...

  ...65a77526a1294e902f77b8a68ff1702d37c508d4eb239f-building\index.js  468.4kb

Done in 44ms
Bundling asset InfraStack-stg/ReceiveApiConstruct/receive_subscription/Code/Stage...

  ...4aa86f096c08804b94ff7ba7ce596c05e4867b2c42736de9-building\index.js  4.2kb

Done in 3ms
Bundling asset InfraStack-stg/ReceiveApiConstruct/receive_sender/Code/Stage...

  ...b6a8c406e49619f641bec39fc96ad4ba0cb373cdd27fce5-building\index.js  14.9kb

Done in 5ms
Bundling asset InfraStack-stg/ReceiveApiConstruct/receive_upload_url/Code/Stage...

  ...58717f318428e2c323bbd781bf086b530eaccf87a9f4c92-building\index.js  11.6kb

Done in 4ms
[Warning at /InfraStack-stg/AdminApiConstruct] When using NODEJS_LATEST the runtime version may change as new runtimes are released, this may affect the availability of packages shipped with the environment. Ensure that any external dependencies are available through layers or specify a specific runtime version. [ack: @aws-cdk/aws-lambda-nodejs:variableRuntimeExternals]
[Warning at /InfraStack-stg/ShopApiConstruct] When using NODEJS_LATEST the runtime version may change as new runtimes are released, this may affect the availability of packages shipped with the environment. Ensure that any external dependencies are available through layers or specify a specific runtime version. [ack: @aws-cdk/aws-lambda-nodejs:variableRuntimeExternals]
[Warning at /InfraStack-stg/ReceiveApiConstruct] When using NODEJS_LATEST the runtime version may change as new runtimes are released, this may affect the availability of packages shipped with the environment. Ensure that any external dependencies are available through layers or specify a specific runtime version. [ack: @aws-cdk/aws-lambda-nodejs:variableRuntimeExternals]

✨  Synthesis time: 50.6s

current credentials could not be used to assume 'arn:aws:iam::591402270136:role/cdk-hnb659fds-deploy-role-591402270136-ap-northeast-1', but are for the right account. Proceeding anyway.
InfraStack-stg: start: Building AdminApiConstruct/adminAuthorizer/Code
InfraStack-stg: success: Built AdminApiConstruct/adminAuthorizer/Code
InfraStack-stg: start: Building ShopApiConstruct/ShopAuthorizerFn/Code
InfraStack-stg: success: Built ShopApiConstruct/ShopAuthorizerFn/Code
InfraStack-stg: start: Building ShopApiConstruct/shop_create/Code
InfraStack-stg: success: Built ShopApiConstruct/shop_create/Code
InfraStack-stg: start: Building ShopApiConstruct/shop_list/Code
InfraStack-stg: success: Built ShopApiConstruct/shop_list/Code
InfraStack-stg: start: Building ShopApiConstruct/shop_details/Code
InfraStack-stg: success: Built ShopApiConstruct/shop_details/Code
InfraStack-stg: start: Building ShopApiConstruct/shop_products/Code
InfraStack-stg: success: Built ShopApiConstruct/shop_products/Code
InfraStack-stg: start: Building ShopApiConstruct/shop_products_import/Code
InfraStack-stg: success: Built ShopApiConstruct/shop_products_import/Code
InfraStack-stg: start: Building ShopApiConstruct/shop_products_uploadurl/Code
InfraStack-stg: success: Built ShopApiConstruct/shop_products_uploadurl/Code
InfraStack-stg: start: Building ShopApiConstruct/shop_qr/Code
InfraStack-stg: success: Built ShopApiConstruct/shop_qr/Code
InfraStack-stg: start: Building ShopApiConstruct/shop_admins/Code
InfraStack-stg: success: Built ShopApiConstruct/shop_admins/Code
InfraStack-stg: start: Building ShopApiConstruct/shop_delete_images/Code
InfraStack-stg: success: Built ShopApiConstruct/shop_delete_images/Code
InfraStack-stg: start: Building ShopApiConstruct/shop_orders/Code
InfraStack-stg: success: Built ShopApiConstruct/shop_orders/Code
InfraStack-stg: start: Building ReceiveApiConstruct/receive_authorizer_fn/Code
InfraStack-stg: success: Built ReceiveApiConstruct/receive_authorizer_fn/Code
InfraStack-stg: start: Building ReceiveApiConstruct/receive_verify/Code
InfraStack-stg: success: Built ReceiveApiConstruct/receive_verify/Code
InfraStack-stg: start: Building ReceiveApiConstruct/receive_submit/Code
InfraStack-stg: success: Built ReceiveApiConstruct/receive_submit/Code
InfraStack-stg: start: Building ReceiveApiConstruct/receive_completed/Code
InfraStack-stg: success: Built ReceiveApiConstruct/receive_completed/Code
InfraStack-stg: start: Building ReceiveApiConstruct/receive_chat/Code
InfraStack-stg: success: Built ReceiveApiConstruct/receive_chat/Code
InfraStack-stg: start: Building ReceiveApiConstruct/receive_subscription/Code
InfraStack-stg: success: Built ReceiveApiConstruct/receive_subscription/Code
InfraStack-stg: start: Building ReceiveApiConstruct/receive_sender/Code
InfraStack-stg: success: Built ReceiveApiConstruct/receive_sender/Code
InfraStack-stg: start: Building ReceiveApiConstruct/receive_upload_url/Code
InfraStack-stg: success: Built ReceiveApiConstruct/receive_upload_url/Code
InfraStack-stg: start: Building InfraStack-stg Template
InfraStack-stg: success: Built InfraStack-stg Template
InfraStack-stg: start: Publishing ShopApiConstruct/shop_products_import/Code (591402270136-ap-northeast-1-d015d467)
InfraStack-stg: start: Publishing ShopApiConstruct/shop_create/Code (591402270136-ap-northeast-1-681dd758)
InfraStack-stg: start: Publishing ShopApiConstruct/shop_products_uploadurl/Code (591402270136-ap-northeast-1-8c6ce6e4)
InfraStack-stg: start: Publishing ShopApiConstruct/shop_list/Code (591402270136-ap-northeast-1-c9e471b2)
InfraStack-stg: start: Publishing ShopApiConstruct/shop_details/Code (591402270136-ap-northeast-1-55380a59)
InfraStack-stg: start: Publishing AdminApiConstruct/adminAuthorizer/Code (591402270136-ap-northeast-1-f01a4426)
InfraStack-stg: start: Publishing ShopApiConstruct/ShopAuthorizerFn/Code (591402270136-ap-northeast-1-5a6664d4)
InfraStack-stg: start: Publishing ShopApiConstruct/shop_products/Code (591402270136-ap-northeast-1-0237f552)
current credentials could not be used to assume 'arn:aws:iam::591402270136:role/cdk-hnb659fds-file-publishing-role-591402270136-ap-northeast-1', but are for the right account. Proceeding anyway.
current credentials could not be used to assume 'arn:aws:iam::591402270136:role/cdk-hnb659fds-file-publishing-role-591402270136-ap-northeast-1', but are for the right account. Proceeding anyway.
current credentials could not be used to assume 'arn:aws:iam::591402270136:role/cdk-hnb659fds-file-publishing-role-591402270136-ap-northeast-1', but are for the right account. Proceeding anyway.
current credentials could not be used to assume 'arn:aws:iam::591402270136:role/cdk-hnb659fds-file-publishing-role-591402270136-ap-northeast-1', but are for the right account. Proceeding anyway.
current credentials could not be used to assume 'arn:aws:iam::591402270136:role/cdk-hnb659fds-file-publishing-role-591402270136-ap-northeast-1', but are for the right account. Proceeding anyway.
current credentials could not be used to assume 'arn:aws:iam::591402270136:role/cdk-hnb659fds-file-publishing-role-591402270136-ap-northeast-1', but are for the right account. Proceeding anyway.
current credentials could not be used to assume 'arn:aws:iam::591402270136:role/cdk-hnb659fds-file-publishing-role-591402270136-ap-northeast-1', but are for the right account. Proceeding anyway.
current credentials could not be used to assume 'arn:aws:iam::591402270136:role/cdk-hnb659fds-file-publishing-role-591402270136-ap-northeast-1', but are for the right account. Proceeding anyway.
InfraStack-stg: success: Published ShopApiConstruct/shop_list/Code (591402270136-ap-northeast-1-c9e471b2)
InfraStack-stg: start: Publishing ShopApiConstruct/shop_qr/Code (591402270136-ap-northeast-1-c428d68e)
InfraStack-stg: success: Published ShopApiConstruct/shop_products_uploadurl/Code (591402270136-ap-northeast-1-8c6ce6e4)
InfraStack-stg: start: Publishing ShopApiConstruct/shop_admins/Code (591402270136-ap-northeast-1-8877f072)
InfraStack-stg: success: Published ShopApiConstruct/shop_details/Code (591402270136-ap-northeast-1-55380a59)
InfraStack-stg: start: Publishing ShopApiConstruct/shop_delete_images/Code (591402270136-ap-northeast-1-7c4d3637)
InfraStack-stg: success: Published ShopApiConstruct/shop_create/Code (591402270136-ap-northeast-1-681dd758)
InfraStack-stg: start: Publishing ShopApiConstruct/shop_orders/Code (591402270136-ap-northeast-1-e60db37f)
InfraStack-stg: success: Published ShopApiConstruct/shop_products/Code (591402270136-ap-northeast-1-0237f552)
InfraStack-stg: start: Publishing ReceiveApiConstruct/receive_authorizer_fn/Code (591402270136-ap-northeast-1-7191edab)
InfraStack-stg: success: Published ShopApiConstruct/shop_products_import/Code (591402270136-ap-northeast-1-d015d467)
InfraStack-stg: start: Publishing ReceiveApiConstruct/receive_verify/Code (591402270136-ap-northeast-1-5e1c4e98)
InfraStack-stg: success: Published AdminApiConstruct/adminAuthorizer/Code (591402270136-ap-northeast-1-f01a4426)
InfraStack-stg: start: Publishing ReceiveApiConstruct/receive_submit/Code (591402270136-ap-northeast-1-2e2f8c79)
InfraStack-stg: success: Published ShopApiConstruct/ShopAuthorizerFn/Code (591402270136-ap-northeast-1-5a6664d4)
InfraStack-stg: start: Publishing ReceiveApiConstruct/receive_completed/Code (591402270136-ap-northeast-1-d02f478a)
InfraStack-stg: success: Published ShopApiConstruct/shop_qr/Code (591402270136-ap-northeast-1-c428d68e)
InfraStack-stg: start: Publishing ReceiveApiConstruct/receive_chat/Code (591402270136-ap-northeast-1-56f07b77)
InfraStack-stg: success: Published ShopApiConstruct/shop_admins/Code (591402270136-ap-northeast-1-8877f072)
InfraStack-stg: start: Publishing ReceiveApiConstruct/receive_subscription/Code (591402270136-ap-northeast-1-6c3bc7e2)
InfraStack-stg: success: Published ShopApiConstruct/shop_delete_images/Code (591402270136-ap-northeast-1-7c4d3637)
InfraStack-stg: start: Publishing ReceiveApiConstruct/receive_sender/Code (591402270136-ap-northeast-1-ce1c772a)
InfraStack-stg: success: Published ShopApiConstruct/shop_orders/Code (591402270136-ap-northeast-1-e60db37f)
InfraStack-stg: start: Publishing ReceiveApiConstruct/receive_upload_url/Code (591402270136-ap-northeast-1-1771dfd2)
InfraStack-stg: success: Published ReceiveApiConstruct/receive_verify/Code (591402270136-ap-northeast-1-5e1c4e98)
InfraStack-stg: start: Publishing InfraStack-stg Template (591402270136-ap-northeast-1-a40fe395)
InfraStack-stg: success: Published ReceiveApiConstruct/receive_authorizer_fn/Code (591402270136-ap-northeast-1-7191edab)
InfraStack-stg: success: Published ReceiveApiConstruct/receive_completed/Code (591402270136-ap-northeast-1-d02f478a)
InfraStack-stg: success: Published ReceiveApiConstruct/receive_submit/Code (591402270136-ap-northeast-1-2e2f8c79)
InfraStack-stg: success: Published ReceiveApiConstruct/receive_subscription/Code (591402270136-ap-northeast-1-6c3bc7e2)
InfraStack-stg: success: Published ReceiveApiConstruct/receive_sender/Code (591402270136-ap-northeast-1-ce1c772a)
InfraStack-stg: success: Published ReceiveApiConstruct/receive_upload_url/Code (591402270136-ap-northeast-1-1771dfd2)
InfraStack-stg: success: Published ReceiveApiConstruct/receive_chat/Code (591402270136-ap-northeast-1-56f07b77)
InfraStack-stg: success: Published InfraStack-stg Template (591402270136-ap-northeast-1-a40fe395)
InfraStack-stg: deploying... [1/1]
current credentials could not be used to assume 'arn:aws:iam::591402270136:role/cdk-hnb659fds-deploy-role-591402270136-ap-northeast-1', but are for the right account. Proceeding anyway.
InfraStack-stg: creating CloudFormation changeset...
InfraStack-stg |   0/444 | 3:09:05 | UPDATE_IN_PROGRESS   | AWS::CloudFormation::Stack       | InfraStack-stg User Initiated
InfraStack-stg |   0/444 | 3:09:15 | CREATE_IN_PROGRESS   | AWS::IAM::Role                   | ReceiveApiConstruct/receive_sender/ServiceRole (ReceiveApiConstructreceivesenderServiceRoleE424C451) 
InfraStack-stg |   0/444 | 3:09:15 | CREATE_IN_PROGRESS   | AWS::IAM::Role                   | ReceiveApiConstruct/receive_authorizer_fn/ServiceRole (ReceiveApiConstructreceiveauthorizerfnServiceRole1D4FB9EC) 
InfraStack-stg |   0/444 | 3:09:15 | CREATE_IN_PROGRESS   | AWS::IAM::Role                   | ShopApiConstruct/shop_qr/ServiceRole (ShopApiConstructshopqrServiceRole77BE2D1F) 
InfraStack-stg |   0/444 | 3:09:15 | CREATE_IN_PROGRESS   | AWS::IAM::Role                   | ShopApiConstruct/shop_products_uploadurl/ServiceRole (ShopApiConstructshopproductsuploadurlServiceRole87511CBB) 
InfraStack-stg |   0/444 | 3:09:15 | CREATE_IN_PROGRESS   | AWS::IAM::Role                   | ShopApiConstruct/shop_admins/ServiceRole (ShopApiConstructshopadminsServiceRoleFA03A96D) 
InfraStack-stg |   0/444 | 3:09:15 | CREATE_IN_PROGRESS   | AWS::IAM::Role                   | ReceiveApiConstruct/receive_subscription/ServiceRole (ReceiveApiConstructreceivesubscriptionServiceRole6E8F8C06) 
InfraStack-stg |   0/444 | 3:09:15 | CREATE_IN_PROGRESS   | AWS::IAM::Role                   | ReceiveApiConstruct/receive_verify/ServiceRole (ReceiveApiConstructreceiveverifyServiceRoleC74299ED) 
InfraStack-stg |   0/444 | 3:09:15 | CREATE_IN_PROGRESS   | AWS::IAM::Role                   | ShopApiConstruct/shop_orders/ServiceRole (ShopApiConstructshopordersServiceRoleC128F71E) 
InfraStack-stg |   0/444 | 3:09:15 | CREATE_IN_PROGRESS   | AWS::IAM::Role                   | ShopApiConstruct/shop_products/ServiceRole (ShopApiConstructshopproductsServiceRoleB9777443) 
InfraStack-stg |   0/444 | 3:09:15 | CREATE_IN_PROGRESS   | AWS::IAM::Role                   | ReceiveApiConstruct/receive_submit/ServiceRole (ReceiveApiConstructreceivesubmitServiceRoleC6C3C27E) 
InfraStack-stg |   0/444 | 3:09:15 | CREATE_IN_PROGRESS   | AWS::IAM::Role                   | ShopApiConstruct/shop_details/ServiceRole (ShopApiConstructshopdetailsServiceRole4B900FA8) 
InfraStack-stg |   0/444 | 3:09:15 | CREATE_IN_PROGRESS   | AWS::IAM::Role                   | ReceiveApiConstruct/receive_upload_url/ServiceRole (ReceiveApiConstructreceiveuploadurlServiceRoleEA0D7FDC) 
InfraStack-stg |   0/444 | 3:09:15 | CREATE_IN_PROGRESS   | AWS::IAM::Role                   | ShopApiConstruct/shop_list/ServiceRole (ShopApiConstructshoplistServiceRole1B11E970) 
InfraStack-stg |   0/444 | 3:09:15 | CREATE_IN_PROGRESS   | AWS::IAM::Role                   | ReceiveApiConstruct/receive_chat/ServiceRole (ReceiveApiConstructreceivechatServiceRoleFA071874) 
InfraStack-stg |   0/444 | 3:09:15 | CREATE_IN_PROGRESS   | AWS::IAM::Role                   | ReceiveApiConstruct/receive_completed/ServiceRole (ReceiveApiConstructreceivecompletedServiceRole3DBBFFE6) 
InfraStack-stg |   0/444 | 3:09:15 | CREATE_IN_PROGRESS   | AWS::IAM::Role                   | ShopApiConstruct/ShopAuthorizerFn/ServiceRole (ShopApiConstructShopAuthorizerFnServiceRole0185174B) 
InfraStack-stg |   0/444 | 3:09:15 | CREATE_IN_PROGRESS   | AWS::IAM::Role                   | ShopApiConstruct/shop_create/ServiceRole (ShopApiConstructshopcreateServiceRole3BF3314C) 
InfraStack-stg |   0/444 | 3:09:15 | CREATE_IN_PROGRESS   | AWS::IAM::Role                   | ShopApiConstruct/shop_products_import/ServiceRole (ShopApiConstructshopproductsimportServiceRole2503D08F) 
InfraStack-stg |   0/444 | 3:09:15 | CREATE_IN_PROGRESS   | AWS::IAM::Role                   | ShopApiConstruct/shop_delete_images/ServiceRole (ShopApiConstructshopdeleteimagesServiceRole0FF2DD82) 
InfraStack-stg |   0/444 | 3:09:15 | UPDATE_IN_PROGRESS   | AWS::CDK::Metadata               | CDKMetadata/Default (CDKMetadata) 
InfraStack-stg |   0/444 | 3:09:16 | UPDATE_IN_PROGRESS   | AWS::ApiGateway::RestApi         | MeishiGawariniApi-stg (MeishiGawariniApistg401F68B4) 
InfraStack-stg |   0/444 | 3:09:16 | CREATE_IN_PROGRESS   | AWS::IAM::Role                   | ShopApiConstruct/shop_products/ServiceRole (ShopApiConstructshopproductsServiceRoleB9777443) Resource creation Initiated
InfraStack-stg |   0/444 | 3:09:16 | CREATE_IN_PROGRESS   | AWS::IAM::Role                   | ShopApiConstruct/ShopAuthorizerFn/ServiceRole (ShopApiConstructShopAuthorizerFnServiceRole0185174B) Resource creation Initiated
InfraStack-stg |   0/444 | 3:09:16 | CREATE_IN_PROGRESS   | AWS::IAM::Role                   | ReceiveApiConstruct/receive_verify/ServiceRole (ReceiveApiConstructreceiveverifyServiceRoleC74299ED) Resource creation Initiated
InfraStack-stg |   0/444 | 3:09:16 | CREATE_IN_PROGRESS   | AWS::IAM::Role                   | ShopApiConstruct/shop_products_uploadurl/ServiceRole (ShopApiConstructshopproductsuploadurlServiceRole87511CBB) Resource creation Initiated
InfraStack-stg |   0/444 | 3:09:16 | CREATE_IN_PROGRESS   | AWS::IAM::Role                   | ReceiveApiConstruct/receive_sender/ServiceRole (ReceiveApiConstructreceivesenderServiceRoleE424C451) Resource creation Initiated
InfraStack-stg |   0/444 | 3:09:17 | CREATE_IN_PROGRESS   | AWS::IAM::Role                   | ShopApiConstruct/shop_orders/ServiceRole (ShopApiConstructshopordersServiceRoleC128F71E) Resource creation Initiated
InfraStack-stg |   0/444 | 3:09:17 | CREATE_IN_PROGRESS   | AWS::IAM::Role                   | ShopApiConstruct/shop_qr/ServiceRole (ShopApiConstructshopqrServiceRole77BE2D1F) Resource creation Initiated
InfraStack-stg |   1/444 | 3:09:17 | UPDATE_COMPLETE      | AWS::CDK::Metadata               | CDKMetadata/Default (CDKMetadata) 
InfraStack-stg |   1/444 | 3:09:17 | CREATE_IN_PROGRESS   | AWS::IAM::Role                   | ReceiveApiConstruct/receive_authorizer_fn/ServiceRole (ReceiveApiConstructreceiveauthorizerfnServiceRole1D4FB9EC) Resource creation Initiated
InfraStack-stg |   1/444 | 3:09:17 | CREATE_IN_PROGRESS   | AWS::IAM::Role                   | ShopApiConstruct/shop_list/ServiceRole (ShopApiConstructshoplistServiceRole1B11E970) Resource creation Initiated
InfraStack-stg |   1/444 | 3:09:17 | CREATE_IN_PROGRESS   | AWS::IAM::Role                   | ReceiveApiConstruct/receive_submit/ServiceRole (ReceiveApiConstructreceivesubmitServiceRoleC6C3C27E) Resource creation Initiated
InfraStack-stg |   1/444 | 3:09:17 | CREATE_IN_PROGRESS   | AWS::IAM::Role                   | ShopApiConstruct/shop_admins/ServiceRole (ShopApiConstructshopadminsServiceRoleFA03A96D) Resource creation Initiated
InfraStack-stg |   1/444 | 3:09:17 | CREATE_IN_PROGRESS   | AWS::IAM::Role                   | ReceiveApiConstruct/receive_subscription/ServiceRole (ReceiveApiConstructreceivesubscriptionServiceRole6E8F8C06) Resource creation Initiated
InfraStack-stg |   1/444 | 3:09:17 | CREATE_IN_PROGRESS   | AWS::IAM::Role                   | ShopApiConstruct/shop_products_import/ServiceRole (ShopApiConstructshopproductsimportServiceRole2503D08F) Resource creation Initiated
InfraStack-stg |   1/444 | 3:09:17 | CREATE_IN_PROGRESS   | AWS::IAM::Role                   | ReceiveApiConstruct/receive_upload_url/ServiceRole (ReceiveApiConstructreceiveuploadurlServiceRoleEA0D7FDC) Resource creation Initiated
InfraStack-stg |   1/444 | 3:09:17 | CREATE_IN_PROGRESS   | AWS::IAM::Role                   | ReceiveApiConstruct/receive_completed/ServiceRole (ReceiveApiConstructreceivecompletedServiceRole3DBBFFE6) Resource creation Initiated
InfraStack-stg |   1/444 | 3:09:17 | CREATE_IN_PROGRESS   | AWS::IAM::Role                   | ShopApiConstruct/shop_delete_images/ServiceRole (ShopApiConstructshopdeleteimagesServiceRole0FF2DD82) Resource creation Initiated
InfraStack-stg |   1/444 | 3:09:17 | CREATE_IN_PROGRESS   | AWS::IAM::Role                   | ShopApiConstruct/shop_details/ServiceRole (ShopApiConstructshopdetailsServiceRole4B900FA8) Resource creation Initiated
InfraStack-stg |   1/444 | 3:09:17 | CREATE_IN_PROGRESS   | AWS::IAM::Role                   | ShopApiConstruct/shop_create/ServiceRole (ShopApiConstructshopcreateServiceRole3BF3314C) Resource creation Initiated
InfraStack-stg |   1/444 | 3:09:17 | CREATE_IN_PROGRESS   | AWS::IAM::Role                   | ReceiveApiConstruct/receive_chat/ServiceRole (ReceiveApiConstructreceivechatServiceRoleFA071874) Resource creation Initiated
InfraStack-stg |   1/444 | 3:09:17 | UPDATE_IN_PROGRESS   | AWS::Lambda::Function            | AdminApiConstruct/adminAuthorizer (AdminApiConstructadminAuthorizer938AF542) 
InfraStack-stg |   2/444 | 3:09:18 | UPDATE_COMPLETE      | AWS::ApiGateway::RestApi         | MeishiGawariniApi-stg (MeishiGawariniApistg401F68B4) 
InfraStack-stg |   2/444 | 3:09:19 | CREATE_IN_PROGRESS   | AWS::ApiGateway::Resource        | MeishiGawariniApi-stg/Default/receive (MeishiGawariniApistgreceive6489DD36) 
InfraStack-stg |   2/444 | 3:09:19 | CREATE_IN_PROGRESS   | AWS::ApiGateway::Resource        | MeishiGawariniApi-stg/Default/shop/orders (MeishiGawariniApistgshopordersC8A5486C) 
InfraStack-stg |   2/444 | 3:09:20 | CREATE_IN_PROGRESS   | AWS::ApiGateway::Resource        | MeishiGawariniApi-stg/Default/shop/list (MeishiGawariniApistgshoplist5589B52F) 
InfraStack-stg |   2/444 | 3:09:20 | CREATE_IN_PROGRESS   | AWS::ApiGateway::Resource        | MeishiGawariniApi-stg/Default/shop/qrcodecheck (MeishiGawariniApistgshopqrcodecheckD6FE1907) 
InfraStack-stg |   2/444 | 3:09:20 | CREATE_IN_PROGRESS   | AWS::ApiGateway::Resource        | MeishiGawariniApi-stg/Default/shop/qr (MeishiGawariniApistgshopqr8B96FC5A) 
InfraStack-stg |   2/444 | 3:09:20 | CREATE_IN_PROGRESS   | AWS::ApiGateway::Resource        | MeishiGawariniApi-stg/Default/shop/products (MeishiGawariniApistgshopproductsE2CD056F) 
InfraStack-stg |   2/444 | 3:09:20 | CREATE_IN_PROGRESS   | AWS::ApiGateway::Resource        | MeishiGawariniApi-stg/Default/shop/delete (MeishiGawariniApistgshopdelete3E63FC09) 
InfraStack-stg |   2/444 | 3:09:20 | CREATE_IN_PROGRESS   | AWS::ApiGateway::Resource        | MeishiGawariniApi-stg/Default/shop/create (MeishiGawariniApistgshopcreate73518DF7) 
InfraStack-stg |   2/444 | 3:09:20 | CREATE_IN_PROGRESS   | AWS::ApiGateway::Resource        | MeishiGawariniApi-stg/Default/shop/admins (MeishiGawariniApistgshopadmins34BB9EA5) 
InfraStack-stg |   2/444 | 3:09:20 | CREATE_IN_PROGRESS   | AWS::ApiGateway::Resource        | MeishiGawariniApi-stg/Default/shop/details (MeishiGawariniApistgshopdetailsDF75BD7C) 
InfraStack-stg |   2/444 | 3:09:20 | CREATE_IN_PROGRESS   | AWS::ApiGateway::Resource        | MeishiGawariniApi-stg/Default/receive (MeishiGawariniApistgreceive6489DD36) Resource creation Initiated
InfraStack-stg |   3/444 | 3:09:20 | CREATE_COMPLETE      | AWS::ApiGateway::Resource        | MeishiGawariniApi-stg/Default/receive (MeishiGawariniApistgreceive6489DD36) 
InfraStack-stg |   3/444 | 3:09:20 | CREATE_IN_PROGRESS   | AWS::ApiGateway::Resource        | MeishiGawariniApi-stg/Default/shop/orders (MeishiGawariniApistgshopordersC8A5486C) Resource creation Initiated
InfraStack-stg |   3/444 | 3:09:20 | CREATE_IN_PROGRESS   | AWS::ApiGateway::Resource        | MeishiGawariniApi-stg/Default/shop/products (MeishiGawariniApistgshopproductsE2CD056F) Resource creation Initiated
InfraStack-stg |   3/444 | 3:09:20 | CREATE_IN_PROGRESS   | AWS::ApiGateway::Resource        | MeishiGawariniApi-stg/Default/shop/qr (MeishiGawariniApistgshopqr8B96FC5A) Resource creation Initiated
InfraStack-stg |   3/444 | 3:09:20 | CREATE_IN_PROGRESS   | AWS::ApiGateway::Resource        | MeishiGawariniApi-stg/Default/shop/delete (MeishiGawariniApistgshopdelete3E63FC09) Resource creation Initiated
InfraStack-stg |   3/444 | 3:09:21 | CREATE_IN_PROGRESS   | AWS::ApiGateway::Resource        | MeishiGawariniApi-stg/Default/shop/qrcodecheck (MeishiGawariniApistgshopqrcodecheckD6FE1907) Resource creation Initiated
InfraStack-stg |   3/444 | 3:09:21 | CREATE_IN_PROGRESS   | AWS::ApiGateway::Resource        | MeishiGawariniApi-stg/Default/shop/details (MeishiGawariniApistgshopdetailsDF75BD7C) Resource creation Initiated
InfraStack-stg |   3/444 | 3:09:21 | CREATE_IN_PROGRESS   | AWS::ApiGateway::Resource        | MeishiGawariniApi-stg/Default/shop/admins (MeishiGawariniApistgshopadmins34BB9EA5) Resource creation Initiated
InfraStack-stg |   3/444 | 3:09:21 | CREATE_IN_PROGRESS   | AWS::ApiGateway::Resource        | MeishiGawariniApi-stg/Default/shop/create (MeishiGawariniApistgshopcreate73518DF7) Resource creation Initiated
InfraStack-stg |   3/444 | 3:09:21 | CREATE_IN_PROGRESS   | AWS::ApiGateway::Resource        | MeishiGawariniApi-stg/Default/shop/list (MeishiGawariniApistgshoplist5589B52F) Resource creation Initiated
InfraStack-stg |   4/444 | 3:09:21 | CREATE_COMPLETE      | AWS::ApiGateway::Resource        | MeishiGawariniApi-stg/Default/shop/orders (MeishiGawariniApistgshopordersC8A5486C) 
InfraStack-stg |   4/444 | 3:09:21 | CREATE_IN_PROGRESS   | AWS::ApiGateway::Resource        | MeishiGawariniApi-stg/Default/receive/uploadurl (MeishiGawariniApistgreceiveuploadurlDDD455BC) 
InfraStack-stg |   4/444 | 3:09:21 | CREATE_IN_PROGRESS   | AWS::ApiGateway::Resource        | MeishiGawariniApi-stg/Default/receive/sender (MeishiGawariniApistgreceivesender39F34D4D) 
InfraStack-stg |   5/444 | 3:09:21 | CREATE_COMPLETE      | AWS::ApiGateway::Resource        | MeishiGawariniApi-stg/Default/shop/products (MeishiGawariniApistgshopproductsE2CD056F) 
InfraStack-stg |   6/444 | 3:09:21 | CREATE_COMPLETE      | AWS::ApiGateway::Resource        | MeishiGawariniApi-stg/Default/shop/qr (MeishiGawariniApistgshopqr8B96FC5A) 
InfraStack-stg |   6/444 | 3:09:21 | CREATE_IN_PROGRESS   | AWS::ApiGateway::Method          | MeishiGawariniApi-stg/Default/receive/OPTIONS (MeishiGawariniApistgreceiveOPTIONS5A6A661D) 
InfraStack-stg |   7/444 | 3:09:21 | CREATE_COMPLETE      | AWS::ApiGateway::Resource        | MeishiGawariniApi-stg/Default/shop/delete (MeishiGawariniApistgshopdelete3E63FC09) 
InfraStack-stg |   7/444 | 3:09:21 | CREATE_IN_PROGRESS   | AWS::ApiGateway::Resource        | MeishiGawariniApi-stg/Default/receive/chat (MeishiGawariniApistgreceivechatFA75F723) 
InfraStack-stg |   7/444 | 3:09:21 | CREATE_IN_PROGRESS   | AWS::ApiGateway::Resource        | MeishiGawariniApi-stg/Default/receive/completed (MeishiGawariniApistgreceivecompletedE5AA2FE5) 
InfraStack-stg |   7/444 | 3:09:21 | CREATE_IN_PROGRESS   | AWS::ApiGateway::Resource        | MeishiGawariniApi-stg/Default/receive/submit (MeishiGawariniApistgreceivesubmit6595958E) 
InfraStack-stg |   8/444 | 3:09:21 | CREATE_COMPLETE      | AWS::ApiGateway::Resource        | MeishiGawariniApi-stg/Default/shop/qrcodecheck (MeishiGawariniApistgshopqrcodecheckD6FE1907) 
InfraStack-stg |   9/444 | 3:09:21 | CREATE_COMPLETE      | AWS::ApiGateway::Resource        | MeishiGawariniApi-stg/Default/shop/create (MeishiGawariniApistgshopcreate73518DF7) 
InfraStack-stg |   9/444 | 3:09:21 | CREATE_IN_PROGRESS   | AWS::ApiGateway::Resource        | MeishiGawariniApi-stg/Default/receive/subscription (MeishiGawariniApistgreceivesubscriptionC2C097FA) 
InfraStack-stg |  10/444 | 3:09:21 | CREATE_COMPLETE      | AWS::ApiGateway::Resource        | MeishiGawariniApi-stg/Default/shop/list (MeishiGawariniApistgshoplist5589B52F) 
InfraStack-stg |  11/444 | 3:09:21 | CREATE_COMPLETE      | AWS::ApiGateway::Resource        | MeishiGawariniApi-stg/Default/shop/admins (MeishiGawariniApistgshopadmins34BB9EA5) 
InfraStack-stg |  12/444 | 3:09:21 | CREATE_COMPLETE      | AWS::ApiGateway::Resource        | MeishiGawariniApi-stg/Default/shop/details (MeishiGawariniApistgshopdetailsDF75BD7C) 
InfraStack-stg |  12/444 | 3:09:21 | CREATE_IN_PROGRESS   | AWS::ApiGateway::Resource        | MeishiGawariniApi-stg/Default/receive/verify (MeishiGawariniApistgreceiveverify15532D19) 
InfraStack-stg |  12/444 | 3:09:22 | CREATE_IN_PROGRESS   | AWS::ApiGateway::Resource        | MeishiGawariniApi-stg/Default/shop/orders/list (MeishiGawariniApistgshoporderslist1F389E0C) 
InfraStack-stg |  12/444 | 3:09:22 | CREATE_IN_PROGRESS   | AWS::ApiGateway::Resource        | MeishiGawariniApi-stg/Default/shop/orders/update (MeishiGawariniApistgshopordersupdate84B6FAB1) 
InfraStack-stg |  12/444 | 3:09:22 | CREATE_IN_PROGRESS   | AWS::ApiGateway::Resource        | MeishiGawariniApi-stg/Default/shop/qr/activate (MeishiGawariniApistgshopqractivateD36AFB05) 
InfraStack-stg |  12/444 | 3:09:22 | CREATE_IN_PROGRESS   | AWS::ApiGateway::Resource        | MeishiGawariniApi-stg/Default/shop/products/list (MeishiGawariniApistgshopproductslist9D551B15) 
InfraStack-stg |  12/444 | 3:09:22 | CREATE_IN_PROGRESS   | AWS::ApiGateway::Resource        | MeishiGawariniApi-stg/Default/shop/products/create (MeishiGawariniApistgshopproductscreateD198FBF8) 
InfraStack-stg |  12/444 | 3:09:22 | CREATE_IN_PROGRESS   | AWS::ApiGateway::Resource        | MeishiGawariniApi-stg/Default/shop/products/update (MeishiGawariniApistgshopproductsupdateBB849016) 
InfraStack-stg |  12/444 | 3:09:22 | CREATE_IN_PROGRESS   | AWS::ApiGateway::Method          | MeishiGawariniApi-stg/Default/shop/orders/OPTIONS (MeishiGawariniApistgshopordersOPTIONS59F7A7C8) 
InfraStack-stg |  12/444 | 3:09:22 | CREATE_IN_PROGRESS   | AWS::ApiGateway::Method          | MeishiGawariniApi-stg/Default/shop/qr/OPTIONS (MeishiGawariniApistgshopqrOPTIONSDBCED56C) 
InfraStack-stg |  12/444 | 3:09:22 | CREATE_IN_PROGRESS   | AWS::ApiGateway::Resource        | MeishiGawariniApi-stg/Default/shop/qr/unlink (MeishiGawariniApistgshopqrunlink6D1FA4AD) 
InfraStack-stg |  12/444 | 3:09:22 | CREATE_IN_PROGRESS   | AWS::ApiGateway::Method          | MeishiGawariniApi-stg/Default/shop/products/OPTIONS (MeishiGawariniApistgshopproductsOPTIONSF1818AEB) 
InfraStack-stg |  12/444 | 3:09:22 | CREATE_IN_PROGRESS   | AWS::ApiGateway::Resource        | MeishiGawariniApi-stg/Default/shop/products/delete (MeishiGawariniApistgshopproductsdeleteEF37D283) 
InfraStack-stg |  12/444 | 3:09:22 | CREATE_IN_PROGRESS   | AWS::ApiGateway::Resource        | MeishiGawariniApi-stg/Default/shop/qr/deactivate (MeishiGawariniApistgshopqrdeactivate449EE262) 
InfraStack-stg |  12/444 | 3:09:22 | CREATE_IN_PROGRESS   | AWS::ApiGateway::Resource        | MeishiGawariniApi-stg/Default/shop/qr/link (MeishiGawariniApistgshopqrlinkA4B33163) 
InfraStack-stg |  12/444 | 3:09:22 | CREATE_IN_PROGRESS   | AWS::ApiGateway::Resource        | MeishiGawariniApi-stg/Default/shop/products/uploadurl (MeishiGawariniApistgshopproductsuploadurlFCC70C1E) 
InfraStack-stg |  12/444 | 3:09:22 | CREATE_IN_PROGRESS   | AWS::ApiGateway::Resource        | MeishiGawariniApi-stg/Default/shop/delete/images (MeishiGawariniApistgshopdeleteimages4CFBC735) 
InfraStack-stg |  12/444 | 3:09:22 | CREATE_IN_PROGRESS   | AWS::ApiGateway::Method          | MeishiGawariniApi-stg/Default/shop/create/OPTIONS (MeishiGawariniApistgshopcreateOPTIONSD7942609) 
InfraStack-stg |  12/444 | 3:09:22 | CREATE_IN_PROGRESS   | AWS::ApiGateway::Method          | MeishiGawariniApi-stg/Default/shop/admins/OPTIONS (MeishiGawariniApistgshopadminsOPTIONS6A026AEC) 
InfraStack-stg |  12/444 | 3:09:22 | CREATE_IN_PROGRESS   | AWS::ApiGateway::Method          | MeishiGawariniApi-stg/Default/shop/details/OPTIONS (MeishiGawariniApistgshopdetailsOPTIONSC1E5A9E6) 
InfraStack-stg |  12/444 | 3:09:22 | CREATE_IN_PROGRESS   | AWS::ApiGateway::Method          | MeishiGawariniApi-stg/Default/shop/delete/OPTIONS (MeishiGawariniApistgshopdeleteOPTIONSA5540E90) 
InfraStack-stg |  12/444 | 3:09:22 | CREATE_IN_PROGRESS   | AWS::ApiGateway::Method          | MeishiGawariniApi-stg/Default/shop/list/OPTIONS (MeishiGawariniApistgshoplistOPTIONS7FF45A13) 
InfraStack-stg |  12/444 | 3:09:22 | CREATE_IN_PROGRESS   | AWS::ApiGateway::Resource        | MeishiGawariniApi-stg/Default/shop/qr/list (MeishiGawariniApistgshopqrlist759FD88E) 
InfraStack-stg |  12/444 | 3:09:22 | CREATE_IN_PROGRESS   | AWS::ApiGateway::Resource        | MeishiGawariniApi-stg/Default/shop/products/import (MeishiGawariniApistgshopproductsimport26BBF84B) 
InfraStack-stg |  12/444 | 3:09:22 | CREATE_IN_PROGRESS   | AWS::ApiGateway::Method          | MeishiGawariniApi-stg/Default/receive/OPTIONS (MeishiGawariniApistgreceiveOPTIONS5A6A661D) Resource creation Initiated
InfraStack-stg |  12/444 | 3:09:22 | CREATE_IN_PROGRESS   | AWS::ApiGateway::Method          | MeishiGawariniApi-stg/Default/shop/qrcodecheck/OPTIONS (MeishiGawariniApistgshopqrcodecheckOPTIONS586EB8BC) 
InfraStack-stg |  12/444 | 3:09:22 | CREATE_IN_PROGRESS   | AWS::ApiGateway::Resource        | MeishiGawariniApi-stg/Default/receive/verify (MeishiGawariniApistgreceiveverify15532D19) Resource creation Initiated
InfraStack-stg |  12/444 | 3:09:22 | CREATE_IN_PROGRESS   | AWS::ApiGateway::Resource        | MeishiGawariniApi-stg/Default/receive/subscription (MeishiGawariniApistgreceivesubscriptionC2C097FA) Resource creation Initiated
InfraStack-stg |  12/444 | 3:09:23 | CREATE_IN_PROGRESS   | AWS::ApiGateway::Resource        | MeishiGawariniApi-stg/Default/shop/orders/update (MeishiGawariniApistgshopordersupdate84B6FAB1) Resource creation Initiated
InfraStack-stg |  12/444 | 3:09:23 | CREATE_IN_PROGRESS   | AWS::ApiGateway::Resource        | MeishiGawariniApi-stg/Default/shop/products/delete (MeishiGawariniApistgshopproductsdeleteEF37D283) Resource creation Initiated
InfraStack-stg |  12/444 | 3:09:23 | CREATE_IN_PROGRESS   | AWS::ApiGateway::Resource        | MeishiGawariniApi-stg/Default/shop/qr/deactivate (MeishiGawariniApistgshopqrdeactivate449EE262) Resource creation Initiated
InfraStack-stg |  12/444 | 3:09:23 | CREATE_IN_PROGRESS   | AWS::ApiGateway::Method          | MeishiGawariniApi-stg/Default/shop/delete/OPTIONS (MeishiGawariniApistgshopdeleteOPTIONSA5540E90) Resource creation Initiated
InfraStack-stg |  13/444 | 3:09:23 | CREATE_COMPLETE      | AWS::ApiGateway::Resource        | MeishiGawariniApi-stg/Default/receive/subscription (MeishiGawariniApistgreceivesubscriptionC2C097FA) 
InfraStack-stg |  13/444 | 3:09:23 | CREATE_IN_PROGRESS   | AWS::ApiGateway::Resource        | MeishiGawariniApi-stg/Default/shop/delete/images (MeishiGawariniApistgshopdeleteimages4CFBC735) Resource creation Initiated
InfraStack-stg |  13/444 | 3:09:23 | CREATE_IN_PROGRESS   | AWS::ApiGateway::Resource        | MeishiGawariniApi-stg/Default/shop/products/create (MeishiGawariniApistgshopproductscreateD198FBF8) Resource creation Initiated
InfraStack-stg |  13/444 | 3:09:23 | CREATE_IN_PROGRESS   | AWS::ApiGateway::Method          | MeishiGawariniApi-stg/Default/shop/products/OPTIONS (MeishiGawariniApistgshopproductsOPTIONSF1818AEB) Resource creation Initiated
InfraStack-stg |  13/444 | 3:09:23 | CREATE_IN_PROGRESS   | AWS::ApiGateway::Method          | MeishiGawariniApi-stg/Default/shop/orders/OPTIONS (MeishiGawariniApistgshopordersOPTIONS59F7A7C8) Resource creation Initiated
InfraStack-stg |  13/444 | 3:09:23 | CREATE_IN_PROGRESS   | AWS::ApiGateway::Resource        | MeishiGawariniApi-stg/Default/shop/products/update (MeishiGawariniApistgshopproductsupdateBB849016) Resource creation Initiated
InfraStack-stg |  13/444 | 3:09:23 | CREATE_IN_PROGRESS   | AWS::ApiGateway::Resource        | MeishiGawariniApi-stg/Default/shop/products/uploadurl (MeishiGawariniApistgshopproductsuploadurlFCC70C1E) Resource creation Initiated
InfraStack-stg |  13/444 | 3:09:23 | CREATE_IN_PROGRESS   | AWS::ApiGateway::Resource        | MeishiGawariniApi-stg/Default/shop/qr/unlink (MeishiGawariniApistgshopqrunlink6D1FA4AD) Resource creation Initiated
InfraStack-stg |  13/444 | 3:09:23 | CREATE_IN_PROGRESS   | AWS::ApiGateway::Method          | MeishiGawariniApi-stg/Default/shop/qr/OPTIONS (MeishiGawariniApistgshopqrOPTIONSDBCED56C) Resource creation Initiated
InfraStack-stg |  13/444 | 3:09:23 | CREATE_IN_PROGRESS   | AWS::ApiGateway::Resource        | MeishiGawariniApi-stg/Default/shop/qr/activate (MeishiGawariniApistgshopqractivateD36AFB05) Resource creation Initiated
InfraStack-stg |  13/444 | 3:09:23 | CREATE_IN_PROGRESS   | AWS::ApiGateway::Method          | MeishiGawariniApi-stg/Default/shop/create/OPTIONS (MeishiGawariniApistgshopcreateOPTIONSD7942609) Resource creation Initiated
InfraStack-stg |  13/444 | 3:09:23 | CREATE_IN_PROGRESS   | AWS::ApiGateway::Method          | MeishiGawariniApi-stg/Default/shop/list/OPTIONS (MeishiGawariniApistgshoplistOPTIONS7FF45A13) Resource creation Initiated
InfraStack-stg |  13/444 | 3:09:23 | CREATE_IN_PROGRESS   | AWS::ApiGateway::Method          | MeishiGawariniApi-stg/Default/shop/admins/OPTIONS (MeishiGawariniApistgshopadminsOPTIONS6A026AEC) Resource creation Initiated
InfraStack-stg |  13/444 | 3:09:23 | CREATE_IN_PROGRESS   | AWS::ApiGateway::Method          | MeishiGawariniApi-stg/Default/shop/qrcodecheck/OPTIONS (MeishiGawariniApistgshopqrcodecheckOPTIONS586EB8BC) Resource creation Initiated
InfraStack-stg |  13/444 | 3:09:23 | CREATE_IN_PROGRESS   | AWS::ApiGateway::Method          | MeishiGawariniApi-stg/Default/shop/details/OPTIONS (MeishiGawariniApistgshopdetailsOPTIONSC1E5A9E6) Resource creation Initiated
InfraStack-stg |  14/444 | 3:09:23 | CREATE_COMPLETE      | AWS::ApiGateway::Resource        | MeishiGawariniApi-stg/Default/shop/orders/update (MeishiGawariniApistgshopordersupdate84B6FAB1) 
InfraStack-stg |  15/444 | 3:09:23 | CREATE_COMPLETE      | AWS::ApiGateway::Resource        | MeishiGawariniApi-stg/Default/shop/qr/deactivate (MeishiGawariniApistgshopqrdeactivate449EE262) 
InfraStack-stg |  15/444 | 3:09:23 | CREATE_IN_PROGRESS   | AWS::ApiGateway::Resource        | MeishiGawariniApi-stg/Default/receive/uploadurl (MeishiGawariniApistgreceiveuploadurlDDD455BC) Resource creation Initiated
InfraStack-stg |  16/444 | 3:09:24 | CREATE_COMPLETE      | AWS::ApiGateway::Resource        | MeishiGawariniApi-stg/Default/shop/delete/images (MeishiGawariniApistgshopdeleteimages4CFBC735) 
InfraStack-stg |  17/444 | 3:09:24 | CREATE_COMPLETE      | AWS::ApiGateway::Resource        | MeishiGawariniApi-stg/Default/shop/qr/unlink (MeishiGawariniApistgshopqrunlink6D1FA4AD) 
InfraStack-stg |  18/444 | 3:09:24 | CREATE_COMPLETE      | AWS::ApiGateway::Resource        | MeishiGawariniApi-stg/Default/shop/products/uploadurl (MeishiGawariniApistgshopproductsuploadurlFCC70C1E) 
InfraStack-stg |  19/444 | 3:09:24 | CREATE_COMPLETE      | AWS::ApiGateway::Resource        | MeishiGawariniApi-stg/Default/shop/products/delete (MeishiGawariniApistgshopproductsdeleteEF37D283) 
InfraStack-stg |  20/444 | 3:09:24 | CREATE_COMPLETE      | AWS::ApiGateway::Resource        | MeishiGawariniApi-stg/Default/shop/products/create (MeishiGawariniApistgshopproductscreateD198FBF8) 
InfraStack-stg |  20/444 | 3:09:24 | CREATE_IN_PROGRESS   | AWS::ApiGateway::Method          | MeishiGawariniApi-stg/Default/receive/subscription/OPTIONS (MeishiGawariniApistgreceivesubscriptionOPTIONSBDCD17B4) 
InfraStack-stg |  21/444 | 3:09:24 | CREATE_COMPLETE      | AWS::ApiGateway::Resource        | MeishiGawariniApi-stg/Default/shop/products/update (MeishiGawariniApistgshopproductsupdateBB849016) 
InfraStack-stg |  22/444 | 3:09:24 | CREATE_COMPLETE      | AWS::ApiGateway::Resource        | MeishiGawariniApi-stg/Default/shop/qr/activate (MeishiGawariniApistgshopqractivateD36AFB05) 
InfraStack-stg |  22/444 | 3:09:24 | CREATE_IN_PROGRESS   | AWS::ApiGateway::Method          | MeishiGawariniApi-stg/Default/shop/qr/deactivate/OPTIONS (MeishiGawariniApistgshopqrdeactivateOPTIONS582D4CD5) 
InfraStack-stg |  22/444 | 3:09:24 | CREATE_IN_PROGRESS   | AWS::ApiGateway::Method          | MeishiGawariniApi-stg/Default/shop/orders/update/OPTIONS (MeishiGawariniApistgshopordersupdateOPTIONS62C11DC2) 
InfraStack-stg |  23/444 | 3:09:24 | CREATE_COMPLETE      | AWS::ApiGateway::Method          | MeishiGawariniApi-stg/Default/receive/OPTIONS (MeishiGawariniApistgreceiveOPTIONS5A6A661D) 
InfraStack-stg |  23/444 | 3:09:24 | CREATE_IN_PROGRESS   | AWS::ApiGateway::Method          | MeishiGawariniApi-stg/Default/shop/delete/images/OPTIONS (MeishiGawariniApistgshopdeleteimagesOPTIONS9408230B) 
InfraStack-stg |  23/444 | 3:09:24 | CREATE_IN_PROGRESS   | AWS::ApiGateway::Method          | MeishiGawariniApi-stg/Default/shop/qr/unlink/OPTIONS (MeishiGawariniApistgshopqrunlinkOPTIONS3C75C646) 
InfraStack-stg |  23/444 | 3:09:24 | CREATE_IN_PROGRESS   | AWS::ApiGateway::Method          | MeishiGawariniApi-stg/Default/shop/products/delete/OPTIONS (MeishiGawariniApistgshopproductsdeleteOPTIONS4C087F77) 
InfraStack-stg |  23/444 | 3:09:24 | CREATE_IN_PROGRESS   | AWS::ApiGateway::Method          | MeishiGawariniApi-stg/Default/shop/products/uploadurl/OPTIONS (MeishiGawariniApistgshopproductsuploadurlOPTIONS58312E37) 
InfraStack-stg |  23/444 | 3:09:24 | CREATE_IN_PROGRESS   | AWS::ApiGateway::Method          | MeishiGawariniApi-stg/Default/shop/products/update/OPTIONS (MeishiGawariniApistgshopproductsupdateOPTIONSF586FA92) 
InfraStack-stg |  23/444 | 3:09:25 | CREATE_IN_PROGRESS   | AWS::ApiGateway::Method          | MeishiGawariniApi-stg/Default/shop/products/create/OPTIONS (MeishiGawariniApistgshopproductscreateOPTIONS744B9A69) 
InfraStack-stg |  23/444 | 3:09:25 | CREATE_IN_PROGRESS   | AWS::ApiGateway::Method          | MeishiGawariniApi-stg/Default/shop/qr/activate/OPTIONS (MeishiGawariniApistgshopqractivateOPTIONS4EA1A807) 
InfraStack-stg |  23/444 | 3:09:25 | CREATE_IN_PROGRESS   | AWS::ApiGateway::Method          | MeishiGawariniApi-stg/Default/shop/orders/update/OPTIONS (MeishiGawariniApistgshopordersupdateOPTIONS62C11DC2) Resource creation Initiated
InfraStack-stg |  24/444 | 3:09:25 | UPDATE_COMPLETE      | AWS::Lambda::Function            | AdminApiConstruct/adminAuthorizer (AdminApiConstructadminAuthorizer938AF542) 
InfraStack-stg |  24/444 | 3:09:25 | CREATE_IN_PROGRESS   | AWS::ApiGateway::Resource        | MeishiGawariniApi-stg/Default/receive/submit (MeishiGawariniApistgreceivesubmit6595958E) Resource creation Initiated
InfraStack-stg |  24/444 | 3:09:27 | CREATE_IN_PROGRESS   | AWS::ApiGateway::Resource        | MeishiGawariniApi-stg/Default/receive/chat (MeishiGawariniApistgreceivechatFA75F723) Resource creation Initiated
InfraStack-stg |  24/444 | 3:09:27 | CREATE_IN_PROGRESS   | AWS::ApiGateway::Method          | MeishiGawariniApi-stg/Default/shop/qr/deactivate/OPTIONS (MeishiGawariniApistgshopqrdeactivateOPTIONS582D4CD5) Resource creation Initiated
InfraStack-stg |  24/444 | 3:09:27 | CREATE_IN_PROGRESS   | AWS::ApiGateway::Resource        | MeishiGawariniApi-stg/Default/receive/sender (MeishiGawariniApistgreceivesender39F34D4D) Resource creation Initiated
InfraStack-stg |  25/444 | 3:09:27 | CREATE_COMPLETE      | AWS::ApiGateway::Resource        | MeishiGawariniApi-stg/Default/receive/chat (MeishiGawariniApistgreceivechatFA75F723) 
InfraStack-stg |  26/444 | 3:09:27 | CREATE_COMPLETE      | AWS::ApiGateway::Resource        | MeishiGawariniApi-stg/Default/receive/submit (MeishiGawariniApistgreceivesubmit6595958E) 
InfraStack-stg |  26/444 | 3:09:27 | CREATE_IN_PROGRESS   | AWS::ApiGateway::Resource        | MeishiGawariniApi-stg/Default/shop/orders/list (MeishiGawariniApistgshoporderslist1F389E0C) Resource creation Initiated
InfraStack-stg |  26/444 | 3:09:28 | CREATE_IN_PROGRESS   | AWS::ApiGateway::Resource        | MeishiGawariniApi-stg/Default/shop/products/import (MeishiGawariniApistgshopproductsimport26BBF84B) Resource creation Initiated
InfraStack-stg |  27/444 | 3:09:28 | CREATE_COMPLETE      | AWS::ApiGateway::Resource        | MeishiGawariniApi-stg/Default/receive/verify (MeishiGawariniApistgreceiveverify15532D19) 
InfraStack-stg |  27/444 | 3:09:28 | CREATE_IN_PROGRESS   | AWS::ApiGateway::Resource        | MeishiGawariniApi-stg/Default/shop/qr/list (MeishiGawariniApistgshopqrlist759FD88E) Resource creation Initiated
InfraStack-stg |  28/444 | 3:09:28 | CREATE_COMPLETE      | AWS::ApiGateway::Resource        | MeishiGawariniApi-stg/Default/receive/sender (MeishiGawariniApistgreceivesender39F34D4D) 
InfraStack-stg |  28/444 | 3:09:28 | CREATE_IN_PROGRESS   | AWS::ApiGateway::Resource        | MeishiGawariniApi-stg/Default/receive/chat/get (MeishiGawariniApistgreceivechatget94EE46ED) 
InfraStack-stg |  28/444 | 3:09:28 | CREATE_IN_PROGRESS   | AWS::ApiGateway::Resource        | MeishiGawariniApi-stg/Default/receive/chat/send (MeishiGawariniApistgreceivechatsendE70BE4BD) 
InfraStack-stg |  28/444 | 3:09:28 | CREATE_IN_PROGRESS   | AWS::ApiGateway::Method          | MeishiGawariniApi-stg/Default/receive/chat/OPTIONS (MeishiGawariniApistgreceivechatOPTIONSE5F33E86) 
InfraStack-stg |  28/444 | 3:09:28 | CREATE_IN_PROGRESS   | AWS::ApiGateway::Method          | MeishiGawariniApi-stg/Default/receive/submit/OPTIONS (MeishiGawariniApistgreceivesubmitOPTIONS395FE13F) 
InfraStack-stg |  29/444 | 3:09:28 | CREATE_COMPLETE      | AWS::ApiGateway::Resource        | MeishiGawariniApi-stg/Default/shop/orders/list (MeishiGawariniApistgshoporderslist1F389E0C) 
InfraStack-stg |  30/444 | 3:09:28 | CREATE_COMPLETE      | AWS::ApiGateway::Resource        | MeishiGawariniApi-stg/Default/shop/products/import (MeishiGawariniApistgshopproductsimport26BBF84B) 
InfraStack-stg |  30/444 | 3:09:28 | CREATE_IN_PROGRESS   | AWS::ApiGateway::Method          | MeishiGawariniApi-stg/Default/receive/verify/OPTIONS (MeishiGawariniApistgreceiveverifyOPTIONS9F612889) 
InfraStack-stg |  30/444 | 3:09:28 | CREATE_IN_PROGRESS   | AWS::ApiGateway::Resource        | MeishiGawariniApi-stg/Default/receive/sender/save (MeishiGawariniApistgreceivesendersave57DBD494) 
InfraStack-stg |  30/444 | 3:09:29 | CREATE_IN_PROGRESS   | AWS::ApiGateway::Resource        | MeishiGawariniApi-stg/Default/receive/sender/update (MeishiGawariniApistgreceivesenderupdate5BBE0440) 
InfraStack-stg |  30/444 | 3:09:29 | CREATE_IN_PROGRESS   | AWS::ApiGateway::Resource        | MeishiGawariniApi-stg/Default/receive/sender/load (MeishiGawariniApistgreceivesenderload9517A03B) 
InfraStack-stg |  30/444 | 3:09:29 | CREATE_IN_PROGRESS   | AWS::ApiGateway::Method          | MeishiGawariniApi-stg/Default/receive/sender/OPTIONS (MeishiGawariniApistgreceivesenderOPTIONS3DBE39CB) 
InfraStack-stg |  30/444 | 3:09:29 | CREATE_IN_PROGRESS   | AWS::ApiGateway::Method          | MeishiGawariniApi-stg/Default/receive/subscription/OPTIONS (MeishiGawariniApistgreceivesubscriptionOPTIONSBDCD17B4) Resource creation Initiated
InfraStack-stg |  30/444 | 3:09:29 | CREATE_IN_PROGRESS   | AWS::ApiGateway::Resource        | MeishiGawariniApi-stg/Default/receive/chat/get (MeishiGawariniApistgreceivechatget94EE46ED) Resource creation Initiated
InfraStack-stg |  30/444 | 3:09:29 | CREATE_IN_PROGRESS   | AWS::ApiGateway::Resource        | MeishiGawariniApi-stg/Default/receive/chat/send (MeishiGawariniApistgreceivechatsendE70BE4BD) Resource creation Initiated
InfraStack-stg |  30/444 | 3:09:29 | CREATE_IN_PROGRESS   | AWS::ApiGateway::Method          | MeishiGawariniApi-stg/Default/receive/submit/OPTIONS (MeishiGawariniApistgreceivesubmitOPTIONS395FE13F) Resource creation Initiated
InfraStack-stg |  30/444 | 3:09:29 | CREATE_IN_PROGRESS   | AWS::ApiGateway::Method          | MeishiGawariniApi-stg/Default/shop/orders/list/OPTIONS (MeishiGawariniApistgshoporderslistOPTIONS77673A87) 
InfraStack-stg |  30/444 | 3:09:29 | CREATE_IN_PROGRESS   | AWS::ApiGateway::Resource        | MeishiGawariniApi-stg/Default/shop/products/import/list (MeishiGawariniApistgshopproductsimportlistE92E7184) 
InfraStack-stg |  30/444 | 3:09:29 | CREATE_IN_PROGRESS   | AWS::ApiGateway::Resource        | MeishiGawariniApi-stg/Default/shop/products/import/execute (MeishiGawariniApistgshopproductsimportexecute71F5D430) 
InfraStack-stg |  30/444 | 3:09:29 | CREATE_IN_PROGRESS   | AWS::ApiGateway::Method          | MeishiGawariniApi-stg/Default/shop/products/import/OPTIONS (MeishiGawariniApistgshopproductsimportOPTIONS2C81E4D2) 
InfraStack-stg |  31/444 | 3:09:29 | CREATE_COMPLETE      | AWS::ApiGateway::Resource        | MeishiGawariniApi-stg/Default/receive/uploadurl (MeishiGawariniApistgreceiveuploadurlDDD455BC) 
InfraStack-stg |  31/444 | 3:09:29 | CREATE_IN_PROGRESS   | AWS::ApiGateway::Method          | MeishiGawariniApi-stg/Default/receive/verify/OPTIONS (MeishiGawariniApistgreceiveverifyOPTIONS9F612889) Resource creation Initiated
InfraStack-stg |  31/444 | 3:09:29 | CREATE_IN_PROGRESS   | AWS::ApiGateway::Method          | MeishiGawariniApi-stg/Default/shop/delete/images/OPTIONS (MeishiGawariniApistgshopdeleteimagesOPTIONS9408230B) Resource creation Initiated
InfraStack-stg |  31/444 | 3:09:29 | CREATE_IN_PROGRESS   | AWS::ApiGateway::Method          | MeishiGawariniApi-stg/Default/shop/products/uploadurl/OPTIONS (MeishiGawariniApistgshopproductsuploadurlOPTIONS58312E37) Resource creation Initiated
InfraStack-stg |  31/444 | 3:09:30 | CREATE_IN_PROGRESS   | AWS::ApiGateway::Resource        | MeishiGawariniApi-stg/Default/receive/sender/update (MeishiGawariniApistgreceivesenderupdate5BBE0440) Resource creation Initiated
InfraStack-stg |  31/444 | 3:09:30 | CREATE_IN_PROGRESS   | AWS::ApiGateway::Method          | MeishiGawariniApi-stg/Default/shop/qr/unlink/OPTIONS (MeishiGawariniApistgshopqrunlinkOPTIONS3C75C646) Resource creation Initiated
InfraStack-stg |  32/444 | 3:09:30 | CREATE_COMPLETE      | AWS::ApiGateway::Resource        | MeishiGawariniApi-stg/Default/receive/chat/send (MeishiGawariniApistgreceivechatsendE70BE4BD) 
InfraStack-stg |  32/444 | 3:09:30 | CREATE_IN_PROGRESS   | AWS::ApiGateway::Method          | MeishiGawariniApi-stg/Default/shop/products/update/OPTIONS (MeishiGawariniApistgshopproductsupdateOPTIONSF586FA92) Resource creation Initiated
InfraStack-stg |  32/444 | 3:09:30 | CREATE_IN_PROGRESS   | AWS::ApiGateway::Resource        | MeishiGawariniApi-stg/Default/receive/uploadurl/get (MeishiGawariniApistgreceiveuploadurlgetD06A7B36) 
InfraStack-stg |  33/444 | 3:09:30 | CREATE_COMPLETE      | AWS::ApiGateway::Resource        | MeishiGawariniApi-stg/Default/shop/qr/list (MeishiGawariniApistgshopqrlist759FD88E) 
InfraStack-stg |  33/444 | 3:09:30 | CREATE_IN_PROGRESS   | AWS::ApiGateway::Resource        | MeishiGawariniApi-stg/Default/shop/products/import/list (MeishiGawariniApistgshopproductsimportlistE92E7184) Resource creation Initiated
InfraStack-stg |  33/444 | 3:09:30 | CREATE_IN_PROGRESS   | AWS::ApiGateway::Method          | MeishiGawariniApi-stg/Default/receive/uploadurl/OPTIONS (MeishiGawariniApistgreceiveuploadurlOPTIONS2D4CAF08) 
InfraStack-stg |  33/444 | 3:09:30 | CREATE_IN_PROGRESS   | AWS::ApiGateway::Method          | MeishiGawariniApi-stg/Default/receive/chat/OPTIONS (MeishiGawariniApistgreceivechatOPTIONSE5F33E86) Resource creation Initiated
InfraStack-stg |  33/444 | 3:09:30 | CREATE_IN_PROGRESS   | AWS::ApiGateway::Method          | MeishiGawariniApi-stg/Default/receive/chat/send/OPTIONS (MeishiGawariniApistgreceivechatsendOPTIONS9868B978) 
InfraStack-stg |  34/444 | 3:09:31 | CREATE_COMPLETE      | AWS::ApiGateway::Resource        | MeishiGawariniApi-stg/Default/shop/products/import/list (MeishiGawariniApistgshopproductsimportlistE92E7184) 
InfraStack-stg |  34/444 | 3:09:31 | CREATE_IN_PROGRESS   | AWS::ApiGateway::Method          | MeishiGawariniApi-stg/Default/shop/qr/list/OPTIONS (MeishiGawariniApistgshopqrlistOPTIONS56C42EA8) 
InfraStack-stg |  34/444 | 3:09:31 | CREATE_IN_PROGRESS   | AWS::ApiGateway::Method          | MeishiGawariniApi-stg/Default/shop/products/delete/OPTIONS (MeishiGawariniApistgshopproductsdeleteOPTIONS4C087F77) Resource creation Initiated
InfraStack-stg |  34/444 | 3:09:31 | CREATE_IN_PROGRESS   | AWS::ApiGateway::Resource        | MeishiGawariniApi-stg/Default/shop/products/import/execute (MeishiGawariniApistgshopproductsimportexecute71F5D430) Resource creation Initiated
InfraStack-stg |  34/444 | 3:09:31 | CREATE_IN_PROGRESS   | AWS::ApiGateway::Method          | MeishiGawariniApi-stg/Default/shop/products/import/list/OPTIONS (MeishiGawariniApistgshopproductsimportlistOPTIONSB761ADE0) 
InfraStack-stg |  34/444 | 3:09:32 | CREATE_IN_PROGRESS   | AWS::ApiGateway::Method          | MeishiGawariniApi-stg/Default/shop/products/import/OPTIONS (MeishiGawariniApistgshopproductsimportOPTIONS2C81E4D2) Resource creation Initiated
InfraStack-stg |  34/444 | 3:09:32 | CREATE_IN_PROGRESS   | AWS::ApiGateway::Method          | MeishiGawariniApi-stg/Default/shop/products/create/OPTIONS (MeishiGawariniApistgshopproductscreateOPTIONS744B9A69) Resource creation Initiated
InfraStack-stg |  35/444 | 3:09:32 | CREATE_COMPLETE      | AWS::ApiGateway::Resource        | MeishiGawariniApi-stg/Default/shop/products/import/execute (MeishiGawariniApistgshopproductsimportexecute71F5D430) 
InfraStack-stg |  35/444 | 3:09:33 | CREATE_IN_PROGRESS   | AWS::ApiGateway::Method          | MeishiGawariniApi-stg/Default/receive/chat/send/OPTIONS (MeishiGawariniApistgreceivechatsendOPTIONS9868B978) Resource creation Initiated
InfraStack-stg |  35/444 | 3:09:33 | CREATE_IN_PROGRESS   | AWS::ApiGateway::Method          | MeishiGawariniApi-stg/Default/shop/products/import/execute/OPTIONS (MeishiGawariniApistgshopproductsimportexecuteOPTIONS549C6A1D) 
InfraStack-stg |  35/444 | 3:09:33 | CREATE_IN_PROGRESS   | AWS::ApiGateway::Method          | MeishiGawariniApi-stg/Default/receive/sender/OPTIONS (MeishiGawariniApistgreceivesenderOPTIONS3DBE39CB) Resource creation Initiated
InfraStack-stg |  36/444 | 3:09:33 | CREATE_COMPLETE      | AWS::ApiGateway::Resource        | MeishiGawariniApi-stg/Default/receive/chat/get (MeishiGawariniApistgreceivechatget94EE46ED) 
InfraStack-stg |  37/444 | 3:09:34 | CREATE_COMPLETE      | AWS::IAM::Role                   | ShopApiConstruct/shop_orders/ServiceRole (ShopApiConstructshopordersServiceRoleC128F71E) 
InfraStack-stg |  38/444 | 3:09:34 | CREATE_COMPLETE      | AWS::IAM::Role                   | ReceiveApiConstruct/receive_verify/ServiceRole (ReceiveApiConstructreceiveverifyServiceRoleC74299ED) 
InfraStack-stg |  39/444 | 3:09:34 | CREATE_COMPLETE      | AWS::IAM::Role                   | ShopApiConstruct/ShopAuthorizerFn/ServiceRole (ShopApiConstructShopAuthorizerFnServiceRole0185174B) 
InfraStack-stg |  40/444 | 3:09:34 | CREATE_COMPLETE      | AWS::IAM::Role                   | ShopApiConstruct/shop_products/ServiceRole (ShopApiConstructshopproductsServiceRoleB9777443) 
InfraStack-stg |  41/444 | 3:09:34 | CREATE_COMPLETE      | AWS::IAM::Role                   | ShopApiConstruct/shop_products_uploadurl/ServiceRole (ShopApiConstructshopproductsuploadurlServiceRole87511CBB) 
InfraStack-stg |  42/444 | 3:09:34 | CREATE_COMPLETE      | AWS::IAM::Role                   | ReceiveApiConstruct/receive_completed/ServiceRole (ReceiveApiConstructreceivecompletedServiceRole3DBBFFE6) 
InfraStack-stg |  43/444 | 3:09:34 | CREATE_COMPLETE      | AWS::IAM::Role                   | ReceiveApiConstruct/receive_subscription/ServiceRole (ReceiveApiConstructreceivesubscriptionServiceRole6E8F8C06) 
InfraStack-stg |  44/444 | 3:09:34 | CREATE_COMPLETE      | AWS::IAM::Role                   | ReceiveApiConstruct/receive_sender/ServiceRole (ReceiveApiConstructreceivesenderServiceRoleE424C451) 
InfraStack-stg |  45/444 | 3:09:34 | CREATE_COMPLETE      | AWS::IAM::Role                   | ShopApiConstruct/shop_products_import/ServiceRole (ShopApiConstructshopproductsimportServiceRole2503D08F) 
InfraStack-stg |  46/444 | 3:09:34 | CREATE_COMPLETE      | AWS::IAM::Role                   | ReceiveApiConstruct/receive_submit/ServiceRole (ReceiveApiConstructreceivesubmitServiceRoleC6C3C27E) 
InfraStack-stg |  47/444 | 3:09:34 | CREATE_COMPLETE      | AWS::IAM::Role                   | ReceiveApiConstruct/receive_authorizer_fn/ServiceRole (ReceiveApiConstructreceiveauthorizerfnServiceRole1D4FB9EC) 
InfraStack-stg |  48/444 | 3:09:34 | CREATE_COMPLETE      | AWS::IAM::Role                   | ShopApiConstruct/shop_admins/ServiceRole (ShopApiConstructshopadminsServiceRoleFA03A96D) 
InfraStack-stg |  48/444 | 3:09:34 | CREATE_IN_PROGRESS   | AWS::ApiGateway::Resource        | MeishiGawariniApi-stg/Default/shop/products/list (MeishiGawariniApistgshopproductslist9D551B15) Resource creation Initiated
InfraStack-stg |  49/444 | 3:09:34 | CREATE_COMPLETE      | AWS::IAM::Role                   | ShopApiConstruct/shop_qr/ServiceRole (ShopApiConstructshopqrServiceRole77BE2D1F) 
InfraStack-stg |  50/444 | 3:09:34 | CREATE_COMPLETE      | AWS::IAM::Role                   | ShopApiConstruct/shop_details/ServiceRole (ShopApiConstructshopdetailsServiceRole4B900FA8) 
InfraStack-stg |  51/444 | 3:09:34 | CREATE_COMPLETE      | AWS::IAM::Role                   | ShopApiConstruct/shop_delete_images/ServiceRole (ShopApiConstructshopdeleteimagesServiceRole0FF2DD82) 
InfraStack-stg |  52/444 | 3:09:34 | CREATE_COMPLETE      | AWS::ApiGateway::Method          | MeishiGawariniApi-stg/Default/shop/qr/OPTIONS (MeishiGawariniApistgshopqrOPTIONSDBCED56C) 
InfraStack-stg |  53/444 | 3:09:34 | CREATE_COMPLETE      | AWS::IAM::Role                   | ShopApiConstruct/shop_create/ServiceRole (ShopApiConstructshopcreateServiceRole3BF3314C) 
InfraStack-stg |  54/444 | 3:09:34 | CREATE_COMPLETE      | AWS::IAM::Role                   | ReceiveApiConstruct/receive_upload_url/ServiceRole (ReceiveApiConstructreceiveuploadurlServiceRoleEA0D7FDC) 
InfraStack-stg |  55/444 | 3:09:34 | CREATE_COMPLETE      | AWS::IAM::Role                   | ShopApiConstruct/shop_list/ServiceRole (ShopApiConstructshoplistServiceRole1B11E970) 
InfraStack-stg |  55/444 | 3:09:34 | CREATE_IN_PROGRESS   | AWS::ApiGateway::Method          | MeishiGawariniApi-stg/Default/receive/chat/get/OPTIONS (MeishiGawariniApistgreceivechatgetOPTIONSCAB4EC0D) 
InfraStack-stg |  56/444 | 3:09:34 | CREATE_COMPLETE      | AWS::IAM::Role                   | ReceiveApiConstruct/receive_chat/ServiceRole (ReceiveApiConstructreceivechatServiceRoleFA071874) 
InfraStack-stg |  57/444 | 3:09:34 | CREATE_COMPLETE      | AWS::ApiGateway::Resource        | MeishiGawariniApi-stg/Default/shop/products/list (MeishiGawariniApistgshopproductslist9D551B15) 
InfraStack-stg |  57/444 | 3:09:35 | CREATE_IN_PROGRESS   | AWS::IAM::Policy                 | ShopApiConstruct/ShopAuthorizerFn/ServiceRole/DefaultPolicy (ShopApiConstructShopAuthorizerFnServiceRoleDefaultPolicy7303ED49) 
InfraStack-stg |  57/444 | 3:09:35 | CREATE_IN_PROGRESS   | AWS::ApiGateway::Resource        | MeishiGawariniApi-stg/Default/receive/sender/load (MeishiGawariniApistgreceivesenderload9517A03B) Resource creation Initiated
InfraStack-stg |  57/444 | 3:09:35 | CREATE_IN_PROGRESS   | AWS::IAM::Policy                 | ReceiveApiConstruct/receive_authorizer_fn/ServiceRole/DefaultPolicy (ReceiveApiConstructreceiveauthorizerfnServiceRoleDefaultPolicy764F59A0) 
InfraStack-stg |  57/444 | 3:09:35 | CREATE_IN_PROGRESS   | AWS::ApiGateway::Method          | MeishiGawariniApi-stg/Default/shop/products/list/OPTIONS (MeishiGawariniApistgshopproductslistOPTIONS7A0D3C7E) 
InfraStack-stg |  57/444 | 3:09:36 | CREATE_IN_PROGRESS   | AWS::IAM::Policy                 | ShopApiConstruct/shop_orders/ServiceRole/DefaultPolicy (ShopApiConstructshopordersServiceRoleDefaultPolicyD5378AAB) 
InfraStack-stg |  57/444 | 3:09:36 | CREATE_IN_PROGRESS   | AWS::ApiGateway::Method          | MeishiGawariniApi-stg/Default/shop/products/import/execute/OPTIONS (MeishiGawariniApistgshopproductsimportexecuteOPTIONS549C6A1D) Resource creation Initiated
InfraStack-stg |  57/444 | 3:09:36 | CREATE_IN_PROGRESS   | AWS::IAM::Policy                 | ShopApiConstruct/shop_qr/ServiceRole/DefaultPolicy (ShopApiConstructshopqrServiceRoleDefaultPolicy9055FC8D) 
InfraStack-stg |  57/444 | 3:09:36 | CREATE_IN_PROGRESS   | AWS::IAM::Policy                 | ShopApiConstruct/shop_delete_images/ServiceRole/DefaultPolicy (ShopApiConstructshopdeleteimagesServiceRoleDefaultPolicy6EA58215) 
InfraStack-stg |  57/444 | 3:09:36 | CREATE_IN_PROGRESS   | AWS::IAM::Policy                 | ShopApiConstruct/shop_create/ServiceRole/DefaultPolicy (ShopApiConstructshopcreateServiceRoleDefaultPolicyE41C7BE0) 
InfraStack-stg |  57/444 | 3:09:36 | CREATE_IN_PROGRESS   | AWS::IAM::Policy                 | ShopApiConstruct/shop_list/ServiceRole/DefaultPolicy (ShopApiConstructshoplistServiceRoleDefaultPolicyF86B5E82) 
InfraStack-stg |  57/444 | 3:09:36 | CREATE_IN_PROGRESS   | AWS::IAM::Policy                 | ShopApiConstruct/shop_products_uploadurl/ServiceRole/DefaultPolicy (ShopApiConstructshopproductsuploadurlServiceRoleDefaultPolicy9DC9243E) 
InfraStack-stg |  57/444 | 3:09:36 | CREATE_IN_PROGRESS   | AWS::IAM::Policy                 | ShopApiConstruct/shop_admins/ServiceRole/DefaultPolicy (ShopApiConstructshopadminsServiceRoleDefaultPolicy65361658) 
InfraStack-stg |  57/444 | 3:09:36 | CREATE_IN_PROGRESS   | AWS::IAM::Policy                 | ShopApiConstruct/shop_products/ServiceRole/DefaultPolicy (ShopApiConstructshopproductsServiceRoleDefaultPolicy5B2A5115) 
InfraStack-stg |  57/444 | 3:09:36 | CREATE_IN_PROGRESS   | AWS::IAM::Policy                 | ShopApiConstruct/shop_products_import/ServiceRole/DefaultPolicy (ShopApiConstructshopproductsimportServiceRoleDefaultPolicy1DF5C199) 
InfraStack-stg |  57/444 | 3:09:36 | CREATE_IN_PROGRESS   | AWS::IAM::Policy                 | ShopApiConstruct/shop_details/ServiceRole/DefaultPolicy (ShopApiConstructshopdetailsServiceRoleDefaultPolicy1919D3FA) 
InfraStack-stg |  57/444 | 3:09:36 | CREATE_IN_PROGRESS   | AWS::IAM::Policy                 | ReceiveApiConstruct/receive_verify/ServiceRole/DefaultPolicy (ReceiveApiConstructreceiveverifyServiceRoleDefaultPolicy8AD5FB47) 
InfraStack-stg |  58/444 | 3:09:36 | CREATE_COMPLETE      | AWS::ApiGateway::Method          | MeishiGawariniApi-stg/Default/shop/products/create/OPTIONS (MeishiGawariniApistgshopproductscreateOPTIONS744B9A69) 
InfraStack-stg |  59/444 | 3:09:36 | CREATE_COMPLETE      | AWS::ApiGateway::Method          | MeishiGawariniApi-stg/Default/shop/orders/update/OPTIONS (MeishiGawariniApistgshopordersupdateOPTIONS62C11DC2) 
InfraStack-stg |  59/444 | 3:09:36 | CREATE_IN_PROGRESS   | AWS::IAM::Policy                 | ReceiveApiConstruct/receive_submit/ServiceRole/DefaultPolicy (ReceiveApiConstructreceivesubmitServiceRoleDefaultPolicy50FA4AD9) 
InfraStack-stg |  59/444 | 3:09:36 | CREATE_IN_PROGRESS   | AWS::IAM::Policy                 | ShopApiConstruct/ShopAuthorizerFn/ServiceRole/DefaultPolicy (ShopApiConstructShopAuthorizerFnServiceRoleDefaultPolicy7303ED49) Resource creation Initiated
InfraStack-stg |  60/444 | 3:09:36 | CREATE_COMPLETE      | AWS::ApiGateway::Method          | MeishiGawariniApi-stg/Default/shop/qr/unlink/OPTIONS (MeishiGawariniApistgshopqrunlinkOPTIONS3C75C646) 
InfraStack-stg |  60/444 | 3:09:36 | CREATE_IN_PROGRESS   | AWS::IAM::Policy                 | ReceiveApiConstruct/receive_sender/ServiceRole/DefaultPolicy (ReceiveApiConstructreceivesenderServiceRoleDefaultPolicy863210A6) 
InfraStack-stg |  60/444 | 3:09:36 | CREATE_IN_PROGRESS   | AWS::IAM::Policy                 | ReceiveApiConstruct/receive_completed/ServiceRole/DefaultPolicy (ReceiveApiConstructreceivecompletedServiceRoleDefaultPolicyD94F87F1) 
InfraStack-stg |  60/444 | 3:09:36 | CREATE_IN_PROGRESS   | AWS::IAM::Policy                 | ReceiveApiConstruct/receive_upload_url/ServiceRole/DefaultPolicy (ReceiveApiConstructreceiveuploadurlServiceRoleDefaultPolicyAED9757F) 
InfraStack-stg |  60/444 | 3:09:37 | CREATE_IN_PROGRESS   | AWS::ApiGateway::Method          | MeishiGawariniApi-stg/Default/receive/chat/get/OPTIONS (MeishiGawariniApistgreceivechatgetOPTIONSCAB4EC0D) Resource creation Initiated
InfraStack-stg |  60/444 | 3:09:37 | CREATE_IN_PROGRESS   | AWS::IAM::Policy                 | ReceiveApiConstruct/receive_authorizer_fn/ServiceRole/DefaultPolicy (ReceiveApiConstructreceiveauthorizerfnServiceRoleDefaultPolicy764F59A0) Resource creation Initiated
InfraStack-stg |  60/444 | 3:09:37 | CREATE_IN_PROGRESS   | AWS::IAM::Policy                 | ReceiveApiConstruct/receive_chat/ServiceRole/DefaultPolicy (ReceiveApiConstructreceivechatServiceRoleDefaultPolicyC47F5B1A) 
InfraStack-stg |  60/444 | 3:09:37 | CREATE_IN_PROGRESS   | AWS::ApiGateway::Method          | MeishiGawariniApi-stg/Default/receive/uploadurl/OPTIONS (MeishiGawariniApistgreceiveuploadurlOPTIONS2D4CAF08) Resource creation Initiated
InfraStack-stg |  61/444 | 3:09:37 | CREATE_COMPLETE      | AWS::ApiGateway::Resource        | MeishiGawariniApi-stg/Default/receive/sender/load (MeishiGawariniApistgreceivesenderload9517A03B) 
InfraStack-stg |  61/444 | 3:09:37 | CREATE_IN_PROGRESS   | AWS::ApiGateway::Method          | MeishiGawariniApi-stg/Default/shop/products/list/OPTIONS (MeishiGawariniApistgshopproductslistOPTIONS7A0D3C7E) Resource creation Initiated
InfraStack-stg |  61/444 | 3:09:37 | CREATE_IN_PROGRESS   | AWS::IAM::Policy                 | ShopApiConstruct/shop_products_uploadurl/ServiceRole/DefaultPolicy (ShopApiConstructshopproductsuploadurlServiceRoleDefaultPolicy9DC9243E) Resource creation Initiated
InfraStack-stg |  61/444 | 3:09:37 | CREATE_IN_PROGRESS   | AWS::ApiGateway::Method          | MeishiGawariniApi-stg/Default/shop/products/import/list/OPTIONS (MeishiGawariniApistgshopproductsimportlistOPTIONSB761ADE0) Resource creation Initiated
InfraStack-stg |  61/444 | 3:09:37 | CREATE_IN_PROGRESS   | AWS::IAM::Policy                 | ShopApiConstruct/shop_orders/ServiceRole/DefaultPolicy (ShopApiConstructshopordersServiceRoleDefaultPolicyD5378AAB) Resource creation Initiated
InfraStack-stg |  61/444 | 3:09:38 | CREATE_IN_PROGRESS   | AWS::IAM::Policy                 | ShopApiConstruct/shop_qr/ServiceRole/DefaultPolicy (ShopApiConstructshopqrServiceRoleDefaultPolicy9055FC8D) Resource creation Initiated
InfraStack-stg |  61/444 | 3:09:38 | CREATE_IN_PROGRESS   | AWS::IAM::Policy                 | ShopApiConstruct/shop_list/ServiceRole/DefaultPolicy (ShopApiConstructshoplistServiceRoleDefaultPolicyF86B5E82) Resource creation Initiated
InfraStack-stg |  61/444 | 3:09:38 | CREATE_IN_PROGRESS   | AWS::IAM::Policy                 | ReceiveApiConstruct/receive_submit/ServiceRole/DefaultPolicy (ReceiveApiConstructreceivesubmitServiceRoleDefaultPolicy50FA4AD9) Resource creation Initiated
InfraStack-stg |  61/444 | 3:09:38 | CREATE_IN_PROGRESS   | AWS::IAM::Policy                 | ReceiveApiConstruct/receive_verify/ServiceRole/DefaultPolicy (ReceiveApiConstructreceiveverifyServiceRoleDefaultPolicy8AD5FB47) Resource creation Initiated
InfraStack-stg |  61/444 | 3:09:38 | CREATE_IN_PROGRESS   | AWS::IAM::Policy                 | ShopApiConstruct/shop_delete_images/ServiceRole/DefaultPolicy (ShopApiConstructshopdeleteimagesServiceRoleDefaultPolicy6EA58215) Resource creation Initiated
InfraStack-stg |  61/444 | 3:09:38 | CREATE_IN_PROGRESS   | AWS::IAM::Policy                 | ShopApiConstruct/shop_create/ServiceRole/DefaultPolicy (ShopApiConstructshopcreateServiceRoleDefaultPolicyE41C7BE0) Resource creation Initiated
InfraStack-stg |  61/444 | 3:09:38 | CREATE_IN_PROGRESS   | AWS::IAM::Policy                 | ShopApiConstruct/shop_details/ServiceRole/DefaultPolicy (ShopApiConstructshopdetailsServiceRoleDefaultPolicy1919D3FA) Resource creation Initiated
InfraStack-stg |  61/444 | 3:09:38 | CREATE_IN_PROGRESS   | AWS::ApiGateway::Method          | MeishiGawariniApi-stg/Default/receive/sender/load/OPTIONS (MeishiGawariniApistgreceivesenderloadOPTIONS2422B741) 
InfraStack-stg |  61/444 | 3:09:38 | CREATE_IN_PROGRESS   | AWS::IAM::Policy                 | ShopApiConstruct/shop_products/ServiceRole/DefaultPolicy (ShopApiConstructshopproductsServiceRoleDefaultPolicy5B2A5115) Resource creation Initiated
InfraStack-stg |  61/444 | 3:09:38 | CREATE_IN_PROGRESS   | AWS::IAM::Policy                 | ShopApiConstruct/shop_admins/ServiceRole/DefaultPolicy (ShopApiConstructshopadminsServiceRoleDefaultPolicy65361658) Resource creation Initiated
InfraStack-stg |  61/444 | 3:09:38 | CREATE_IN_PROGRESS   | AWS::IAM::Policy                 | ReceiveApiConstruct/receive_upload_url/ServiceRole/DefaultPolicy (ReceiveApiConstructreceiveuploadurlServiceRoleDefaultPolicyAED9757F) Resource creation Initiated
InfraStack-stg |  61/444 | 3:09:38 | CREATE_IN_PROGRESS   | AWS::IAM::Policy                 | ReceiveApiConstruct/receive_sender/ServiceRole/DefaultPolicy (ReceiveApiConstructreceivesenderServiceRoleDefaultPolicy863210A6) Resource creation Initiated
InfraStack-stg |  61/444 | 3:09:38 | CREATE_IN_PROGRESS   | AWS::IAM::Policy                 | ShopApiConstruct/shop_products_import/ServiceRole/DefaultPolicy (ShopApiConstructshopproductsimportServiceRoleDefaultPolicy1DF5C199) Resource creation Initiated
InfraStack-stg |  61/444 | 3:09:39 | CREATE_IN_PROGRESS   | AWS::IAM::Policy                 | ReceiveApiConstruct/receive_chat/ServiceRole/DefaultPolicy (ReceiveApiConstructreceivechatServiceRoleDefaultPolicyC47F5B1A) Resource creation Initiated
InfraStack-stg |  61/444 | 3:09:39 | CREATE_IN_PROGRESS   | AWS::IAM::Policy                 | ReceiveApiConstruct/receive_subscription/ServiceRole/DefaultPolicy (ReceiveApiConstructreceivesubscriptionServiceRoleDefaultPolicyD56B6092) 
InfraStack-stg |  62/444 | 3:09:39 | CREATE_COMPLETE      | AWS::ApiGateway::Method          | MeishiGawariniApi-stg/Default/shop/details/OPTIONS (MeishiGawariniApistgshopdetailsOPTIONSC1E5A9E6) 
InfraStack-stg |  62/444 | 3:09:40 | CREATE_IN_PROGRESS   | AWS::IAM::Policy                 | ReceiveApiConstruct/receive_completed/ServiceRole/DefaultPolicy (ReceiveApiConstructreceivecompletedServiceRoleDefaultPolicyD94F87F1) Resource creation Initiated
InfraStack-stg |  62/444 | 3:09:40 | CREATE_IN_PROGRESS   | AWS::ApiGateway::Method          | MeishiGawariniApi-stg/Default/receive/sender/load/OPTIONS (MeishiGawariniApistgreceivesenderloadOPTIONS2422B741) Resource creation Initiated
InfraStack-stg |  62/444 | 3:09:40 | CREATE_IN_PROGRESS   | AWS::IAM::Policy                 | ReceiveApiConstruct/receive_subscription/ServiceRole/DefaultPolicy (ReceiveApiConstructreceivesubscriptionServiceRoleDefaultPolicyD56B6092) Resource creation Initiated
InfraStack-stg |  63/444 | 3:09:41 | CREATE_COMPLETE      | AWS::ApiGateway::Method          | MeishiGawariniApi-stg/Default/receive/chat/send/OPTIONS (MeishiGawariniApistgreceivechatsendOPTIONS9868B978) 
InfraStack-stg |  64/444 | 3:09:41 | CREATE_COMPLETE      | AWS::ApiGateway::Resource        | MeishiGawariniApi-stg/Default/receive/sender/update (MeishiGawariniApistgreceivesenderupdate5BBE0440) 
InfraStack-stg |  64/444 | 3:09:41 | CREATE_IN_PROGRESS   | AWS::ApiGateway::Resource        | MeishiGawariniApi-stg/Default/receive/uploadurl/get (MeishiGawariniApistgreceiveuploadurlgetD06A7B36) Resource creation Initiated
InfraStack-stg |  64/444 | 3:09:42 | CREATE_IN_PROGRESS   | AWS::ApiGateway::Method          | MeishiGawariniApi-stg/Default/receive/sender/update/OPTIONS (MeishiGawariniApistgreceivesenderupdateOPTIONS8802467E) 
InfraStack-stg |  65/444 | 3:09:42 | CREATE_COMPLETE      | AWS::ApiGateway::Method          | MeishiGawariniApi-stg/Default/receive/uploadurl/OPTIONS (MeishiGawariniApistgreceiveuploadurlOPTIONS2D4CAF08) 
InfraStack-stg |  66/444 | 3:09:42 | CREATE_COMPLETE      | AWS::ApiGateway::Method          | MeishiGawariniApi-stg/Default/shop/delete/images/OPTIONS (MeishiGawariniApistgshopdeleteimagesOPTIONS9408230B) 
InfraStack-stg |  66/444 | 3:09:42 | CREATE_IN_PROGRESS   | AWS::ApiGateway::Resource        | MeishiGawariniApi-stg/Default/receive/sender/save (MeishiGawariniApistgreceivesendersave57DBD494) Resource creation Initiated
InfraStack-stg |  67/444 | 3:09:43 | CREATE_COMPLETE      | AWS::ApiGateway::Method          | MeishiGawariniApi-stg/Default/shop/orders/OPTIONS (MeishiGawariniApistgshopordersOPTIONS59F7A7C8) 
InfraStack-stg |  67/444 | 3:09:43 | CREATE_IN_PROGRESS   | AWS::ApiGateway::Method          | MeishiGawariniApi-stg/Default/shop/qr/list/OPTIONS (MeishiGawariniApistgshopqrlistOPTIONS56C42EA8) Resource creation Initiated
InfraStack-stg |  67/444 | 3:09:43 | CREATE_IN_PROGRESS   | AWS::ApiGateway::Method          | MeishiGawariniApi-stg/Default/shop/qr/activate/OPTIONS (MeishiGawariniApistgshopqractivateOPTIONS4EA1A807) Resource creation Initiated
InfraStack-stg |  68/444 | 3:09:43 | CREATE_COMPLETE      | AWS::ApiGateway::Method          | MeishiGawariniApi-stg/Default/receive/chat/get/OPTIONS (MeishiGawariniApistgreceivechatgetOPTIONSCAB4EC0D) 
InfraStack-stg |  69/444 | 3:09:44 | CREATE_COMPLETE      | AWS::ApiGateway::Method          | MeishiGawariniApi-stg/Default/receive/verify/OPTIONS (MeishiGawariniApistgreceiveverifyOPTIONS9F612889) 
InfraStack-stg |  69/444 | 3:09:44 | CREATE_IN_PROGRESS   | AWS::ApiGateway::Method          | MeishiGawariniApi-stg/Default/receive/sender/update/OPTIONS (MeishiGawariniApistgreceivesenderupdateOPTIONS8802467E) Resource creation Initiated
InfraStack-stg |  70/444 | 3:09:45 | CREATE_COMPLETE      | AWS::ApiGateway::Resource        | MeishiGawariniApi-stg/Default/receive/sender/save (MeishiGawariniApistgreceivesendersave57DBD494) 
InfraStack-stg |  71/444 | 3:09:45 | CREATE_COMPLETE      | AWS::ApiGateway::Method          | MeishiGawariniApi-stg/Default/shop/products/delete/OPTIONS (MeishiGawariniApistgshopproductsdeleteOPTIONS4C087F77) 
InfraStack-stg |  71/444 | 3:09:45 | CREATE_IN_PROGRESS   | AWS::ApiGateway::Method          | MeishiGawariniApi-stg/Default/receive/sender/save/OPTIONS (MeishiGawariniApistgreceivesendersaveOPTIONSD9698AB9) 
InfraStack-stg |  71/444 | 3:09:46 | CREATE_IN_PROGRESS   | AWS::ApiGateway::Method          | MeishiGawariniApi-stg/Default/receive/sender/save/OPTIONS (MeishiGawariniApistgreceivesendersaveOPTIONSD9698AB9) Resource creation Initiated
InfraStack-stg |  72/444 | 3:09:46 | CREATE_COMPLETE      | AWS::ApiGateway::Method          | MeishiGawariniApi-stg/Default/shop/qr/activate/OPTIONS (MeishiGawariniApistgshopqractivateOPTIONS4EA1A807) 
InfraStack-stg |  73/444 | 3:09:47 | CREATE_COMPLETE      | AWS::ApiGateway::Method          | MeishiGawariniApi-stg/Default/shop/products/uploadurl/OPTIONS (MeishiGawariniApistgshopproductsuploadurlOPTIONS58312E37) 
InfraStack-stg |  73/444 | 3:09:47 | CREATE_IN_PROGRESS   | AWS::ApiGateway::Resource        | MeishiGawariniApi-stg/Default/shop/qr/link (MeishiGawariniApistgshopqrlinkA4B33163) Resource creation Initiated
InfraStack-stg |  74/444 | 3:09:48 | CREATE_COMPLETE      | AWS::ApiGateway::Resource        | MeishiGawariniApi-stg/Default/shop/qr/link (MeishiGawariniApistgshopqrlinkA4B33163) 
InfraStack-stg |  75/444 | 3:09:48 | CREATE_COMPLETE      | AWS::ApiGateway::Method          | MeishiGawariniApi-stg/Default/shop/products/OPTIONS (MeishiGawariniApistgshopproductsOPTIONSF1818AEB) 
InfraStack-stg |  75/444 | 3:09:48 | CREATE_IN_PROGRESS   | AWS::ApiGateway::Method          | MeishiGawariniApi-stg/Default/shop/qr/link/OPTIONS (MeishiGawariniApistgshopqrlinkOPTIONS17E00A0D) 
InfraStack-stg |  75/444 | 3:09:49 | CREATE_IN_PROGRESS   | AWS::ApiGateway::Method          | MeishiGawariniApi-stg/Default/shop/qr/link/OPTIONS (MeishiGawariniApistgshopqrlinkOPTIONS17E00A0D) Resource creation Initiated
InfraStack-stg |  76/444 | 3:09:50 | CREATE_COMPLETE      | AWS::ApiGateway::Method          | MeishiGawariniApi-stg/Default/shop/products/import/execute/OPTIONS (MeishiGawariniApistgshopproductsimportexecuteOPTIONS549C6A1D) 
InfraStack-stg |  77/444 | 3:09:50 | CREATE_COMPLETE      | AWS::ApiGateway::Method          | MeishiGawariniApi-stg/Default/shop/qr/list/OPTIONS (MeishiGawariniApistgshopqrlistOPTIONS56C42EA8) 
InfraStack-stg |  77/444 | 3:09:51 | CREATE_IN_PROGRESS   | AWS::ApiGateway::Method          | MeishiGawariniApi-stg/Default/shop/orders/list/OPTIONS (MeishiGawariniApistgshoporderslistOPTIONS77673A87) Resource creation Initiated
InfraStack-stg |  78/444 | 3:09:52 | CREATE_COMPLETE      | AWS::ApiGateway::Method          | MeishiGawariniApi-stg/Default/shop/products/import/list/OPTIONS (MeishiGawariniApistgshopproductsimportlistOPTIONSB761ADE0) 
InfraStack-stg |  79/444 | 3:09:52 | CREATE_COMPLETE      | AWS::IAM::Policy                 | ShopApiConstruct/ShopAuthorizerFn/ServiceRole/DefaultPolicy (ShopApiConstructShopAuthorizerFnServiceRoleDefaultPolicy7303ED49) 
InfraStack-stg |  80/444 | 3:09:52 | CREATE_COMPLETE      | AWS::ApiGateway::Method          | MeishiGawariniApi-stg/Default/shop/create/OPTIONS (MeishiGawariniApistgshopcreateOPTIONSD7942609) 
InfraStack-stg |  81/444 | 3:09:52 | CREATE_COMPLETE      | AWS::IAM::Policy                 | ReceiveApiConstruct/receive_authorizer_fn/ServiceRole/DefaultPolicy (ReceiveApiConstructreceiveauthorizerfnServiceRoleDefaultPolicy764F59A0) 
InfraStack-stg |  82/444 | 3:09:52 | CREATE_COMPLETE      | AWS::ApiGateway::Method          | MeishiGawariniApi-stg/Default/shop/qr/deactivate/OPTIONS (MeishiGawariniApistgshopqrdeactivateOPTIONS582D4CD5) 
InfraStack-stg |  83/444 | 3:09:53 | CREATE_COMPLETE      | AWS::IAM::Policy                 | ShopApiConstruct/shop_products_uploadurl/ServiceRole/DefaultPolicy (ShopApiConstructshopproductsuploadurlServiceRoleDefaultPolicy9DC9243E) 
InfraStack-stg |  84/444 | 3:09:53 | CREATE_COMPLETE      | AWS::IAM::Policy                 | ShopApiConstruct/shop_orders/ServiceRole/DefaultPolicy (ShopApiConstructshopordersServiceRoleDefaultPolicyD5378AAB) 
InfraStack-stg |  85/444 | 3:09:53 | CREATE_COMPLETE      | AWS::IAM::Policy                 | ShopApiConstruct/shop_qr/ServiceRole/DefaultPolicy (ShopApiConstructshopqrServiceRoleDefaultPolicy9055FC8D) 
InfraStack-stg |  86/444 | 3:09:53 | CREATE_COMPLETE      | AWS::IAM::Policy                 | ShopApiConstruct/shop_list/ServiceRole/DefaultPolicy (ShopApiConstructshoplistServiceRoleDefaultPolicyF86B5E82) 
InfraStack-stg |  87/444 | 3:09:53 | CREATE_COMPLETE      | AWS::IAM::Policy                 | ReceiveApiConstruct/receive_submit/ServiceRole/DefaultPolicy (ReceiveApiConstructreceivesubmitServiceRoleDefaultPolicy50FA4AD9) 
InfraStack-stg |  88/444 | 3:09:53 | CREATE_COMPLETE      | AWS::ApiGateway::Method          | MeishiGawariniApi-stg/Default/shop/qr/link/OPTIONS (MeishiGawariniApistgshopqrlinkOPTIONS17E00A0D) 
InfraStack-stg |  89/444 | 3:09:53 | CREATE_COMPLETE      | AWS::IAM::Policy                 | ReceiveApiConstruct/receive_verify/ServiceRole/DefaultPolicy (ReceiveApiConstructreceiveverifyServiceRoleDefaultPolicy8AD5FB47) 
InfraStack-stg |  90/444 | 3:09:54 | CREATE_COMPLETE      | AWS::IAM::Policy                 | ShopApiConstruct/shop_create/ServiceRole/DefaultPolicy (ShopApiConstructshopcreateServiceRoleDefaultPolicyE41C7BE0) 
InfraStack-stg |  91/444 | 3:09:54 | CREATE_COMPLETE      | AWS::IAM::Policy                 | ShopApiConstruct/shop_delete_images/ServiceRole/DefaultPolicy (ShopApiConstructshopdeleteimagesServiceRoleDefaultPolicy6EA58215) 
InfraStack-stg |  92/444 | 3:09:54 | CREATE_COMPLETE      | AWS::IAM::Policy                 | ShopApiConstruct/shop_details/ServiceRole/DefaultPolicy (ShopApiConstructshopdetailsServiceRoleDefaultPolicy1919D3FA) 
InfraStack-stg |  93/444 | 3:09:54 | CREATE_COMPLETE      | AWS::IAM::Policy                 | ShopApiConstruct/shop_products/ServiceRole/DefaultPolicy (ShopApiConstructshopproductsServiceRoleDefaultPolicy5B2A5115) 
InfraStack-stg |  93/444 | 3:09:54 | CREATE_IN_PROGRESS   | AWS::Lambda::Function            | ShopApiConstruct/ShopAuthorizerFn (ShopApiConstructShopAuthorizerFn9ADFCD99) 
InfraStack-stg |  94/444 | 3:09:54 | CREATE_COMPLETE      | AWS::IAM::Policy                 | ShopApiConstruct/shop_admins/ServiceRole/DefaultPolicy (ShopApiConstructshopadminsServiceRoleDefaultPolicy65361658) 
InfraStack-stg |  95/444 | 3:09:54 | CREATE_COMPLETE      | AWS::IAM::Policy                 | ReceiveApiConstruct/receive_upload_url/ServiceRole/DefaultPolicy (ReceiveApiConstructreceiveuploadurlServiceRoleDefaultPolicyAED9757F) 
InfraStack-stg |  96/444 | 3:09:54 | CREATE_COMPLETE      | AWS::ApiGateway::Method          | MeishiGawariniApi-stg/Default/shop/products/update/OPTIONS (MeishiGawariniApistgshopproductsupdateOPTIONSF586FA92) 
InfraStack-stg |  97/444 | 3:09:54 | CREATE_COMPLETE      | AWS::IAM::Policy                 | ReceiveApiConstruct/receive_sender/ServiceRole/DefaultPolicy (ReceiveApiConstructreceivesenderServiceRoleDefaultPolicy863210A6) 
InfraStack-stg |  98/444 | 3:09:54 | CREATE_COMPLETE      | AWS::IAM::Policy                 | ShopApiConstruct/shop_products_import/ServiceRole/DefaultPolicy (ShopApiConstructshopproductsimportServiceRoleDefaultPolicy1DF5C199) 
InfraStack-stg |  98/444 | 3:09:54 | CREATE_IN_PROGRESS   | AWS::Lambda::Function            | ReceiveApiConstruct/receive_authorizer_fn (ReceiveApiConstructreceiveauthorizerfn54834E68) 
InfraStack-stg |  99/444 | 3:09:54 | CREATE_COMPLETE      | AWS::IAM::Policy                 | ReceiveApiConstruct/receive_chat/ServiceRole/DefaultPolicy (ReceiveApiConstructreceivechatServiceRoleDefaultPolicyC47F5B1A) 
InfraStack-stg | 100/444 | 3:09:54 | CREATE_COMPLETE      | AWS::ApiGateway::Method          | MeishiGawariniApi-stg/Default/receive/sender/save/OPTIONS (MeishiGawariniApistgreceivesendersaveOPTIONSD9698AB9) 
InfraStack-stg | 100/444 | 3:09:55 | CREATE_IN_PROGRESS   | AWS::Lambda::Function            | ShopApiConstruct/shop_products_uploadurl (ShopApiConstructshopproductsuploadurl79D338FB) 
InfraStack-stg | 100/444 | 3:09:55 | CREATE_IN_PROGRESS   | AWS::ApiGateway::Resource        | MeishiGawariniApi-stg/Default/receive/completed (MeishiGawariniApistgreceivecompletedE5AA2FE5) Resource creation Initiated
InfraStack-stg | 100/444 | 3:09:55 | CREATE_IN_PROGRESS   | AWS::Lambda::Function            | ShopApiConstruct/shop_orders (ShopApiConstructshopordersAFCEC288) 
InfraStack-stg | 100/444 | 3:09:55 | CREATE_IN_PROGRESS   | AWS::Lambda::Function            | ShopApiConstruct/shop_qr (ShopApiConstructshopqr311369C1) 
InfraStack-stg | 101/444 | 3:09:55 | CREATE_COMPLETE      | AWS::ApiGateway::Method          | MeishiGawariniApi-stg/Default/receive/sender/update/OPTIONS (MeishiGawariniApistgreceivesenderupdateOPTIONS8802467E) 
InfraStack-stg | 101/444 | 3:09:55 | CREATE_IN_PROGRESS   | AWS::Lambda::Function            | ReceiveApiConstruct/receive_submit (ReceiveApiConstructreceivesubmitE3743BAE) 
InfraStack-stg | 101/444 | 3:09:55 | CREATE_IN_PROGRESS   | AWS::Lambda::Function            | ShopApiConstruct/shop_details (ShopApiConstructshopdetails62FBC823) 
InfraStack-stg | 101/444 | 3:09:55 | CREATE_IN_PROGRESS   | AWS::Lambda::Function            | ShopApiConstruct/shop_list (ShopApiConstructshoplist06DF9504) 
InfraStack-stg | 102/444 | 3:09:55 | CREATE_COMPLETE      | AWS::ApiGateway::Resource        | MeishiGawariniApi-stg/Default/receive/completed (MeishiGawariniApistgreceivecompletedE5AA2FE5) 
InfraStack-stg | 102/444 | 3:09:55 | CREATE_IN_PROGRESS   | AWS::Lambda::Function            | ShopApiConstruct/shop_products (ShopApiConstructshopproductsD31F63C3) 
InfraStack-stg | 102/444 | 3:09:55 | CREATE_IN_PROGRESS   | AWS::Lambda::Function            | ShopApiConstruct/shop_delete_images (ShopApiConstructshopdeleteimages24EED0E1) 
InfraStack-stg | 102/444 | 3:09:55 | CREATE_IN_PROGRESS   | AWS::Lambda::Function            | ShopApiConstruct/shop_create (ShopApiConstructshopcreate9010356E) 
InfraStack-stg | 102/444 | 3:09:55 | CREATE_IN_PROGRESS   | AWS::Lambda::Function            | ReceiveApiConstruct/receive_verify (ReceiveApiConstructreceiveverify7B46752B) 
InfraStack-stg | 102/444 | 3:09:55 | CREATE_IN_PROGRESS   | AWS::Lambda::Function            | ReceiveApiConstruct/receive_upload_url (ReceiveApiConstructreceiveuploadurlE95BE01F) 
InfraStack-stg | 102/444 | 3:09:55 | CREATE_IN_PROGRESS   | AWS::Lambda::Function            | ShopApiConstruct/shop_admins (ShopApiConstructshopadmins4CDF82E4) 
InfraStack-stg | 102/444 | 3:09:55 | CREATE_IN_PROGRESS   | AWS::Lambda::Function            | ShopApiConstruct/shop_products_import (ShopApiConstructshopproductsimport2518CFF5) 
InfraStack-stg | 102/444 | 3:09:56 | CREATE_IN_PROGRESS   | AWS::Lambda::Function            | ReceiveApiConstruct/receive_sender (ReceiveApiConstructreceivesenderB5CD7278) 
InfraStack-stg | 102/444 | 3:09:56 | CREATE_IN_PROGRESS   | AWS::Lambda::Function            | ShopApiConstruct/ShopAuthorizerFn (ShopApiConstructShopAuthorizerFn9ADFCD99) Resource creation Initiated
InfraStack-stg | 102/444 | 3:09:56 | CREATE_IN_PROGRESS   | AWS::Lambda::Function            | ReceiveApiConstruct/receive_authorizer_fn (ReceiveApiConstructreceiveauthorizerfn54834E68) Resource creation Initiated
InfraStack-stg | 102/444 | 3:09:56 | CREATE_IN_PROGRESS   | AWS::Lambda::Function            | ReceiveApiConstruct/receive_chat (ReceiveApiConstructreceivechatEE747DE7) 
InfraStack-stg | 102/444 | 3:09:56 | CREATE_IN_PROGRESS   | AWS::ApiGateway::Method          | MeishiGawariniApi-stg/Default/receive/completed/OPTIONS (MeishiGawariniApistgreceivecompletedOPTIONS444379A5) 
InfraStack-stg | 103/444 | 3:09:56 | CREATE_COMPLETE      | AWS::IAM::Policy                 | ReceiveApiConstruct/receive_completed/ServiceRole/DefaultPolicy (ReceiveApiConstructreceivecompletedServiceRoleDefaultPolicyD94F87F1) 
InfraStack-stg | 104/444 | 3:09:56 | CREATE_COMPLETE      | AWS::IAM::Policy                 | ReceiveApiConstruct/receive_subscription/ServiceRole/DefaultPolicy (ReceiveApiConstructreceivesubscriptionServiceRoleDefaultPolicyD56B6092) 
InfraStack-stg | 104/444 | 3:09:56 | CREATE_IN_PROGRESS   | AWS::Lambda::Function            | ShopApiConstruct/shop_products_uploadurl (ShopApiConstructshopproductsuploadurl79D338FB) Resource creation Initiated
InfraStack-stg | 104/444 | 3:09:57 | CREATE_IN_PROGRESS   | AWS::Lambda::Function            | ShopApiConstruct/shop_qr (ShopApiConstructshopqr311369C1) Resource creation Initiated
InfraStack-stg | 104/444 | 3:09:57 | CREATE_IN_PROGRESS   | AWS::Lambda::Function            | ShopApiConstruct/shop_orders (ShopApiConstructshopordersAFCEC288) Resource creation Initiated
InfraStack-stg | 104/444 | 3:09:57 | CREATE_IN_PROGRESS   | AWS::ApiGateway::Method          | MeishiGawariniApi-stg/Default/receive/completed/OPTIONS (MeishiGawariniApistgreceivecompletedOPTIONS444379A5) Resource creation Initiated
InfraStack-stg | 104/444 | 3:09:57 | CREATE_IN_PROGRESS   | AWS::Lambda::Function            | ReceiveApiConstruct/receive_submit (ReceiveApiConstructreceivesubmitE3743BAE) Resource creation Initiated
InfraStack-stg | 104/444 | 3:09:57 | CREATE_IN_PROGRESS   | AWS::Lambda::Function            | ShopApiConstruct/shop_create (ShopApiConstructshopcreate9010356E) Resource creation Initiated
InfraStack-stg | 104/444 | 3:09:57 | CREATE_IN_PROGRESS   | AWS::Lambda::Function            | ReceiveApiConstruct/receive_upload_url (ReceiveApiConstructreceiveuploadurlE95BE01F) Resource creation Initiated
InfraStack-stg | 104/444 | 3:09:57 | CREATE_IN_PROGRESS   | AWS::Lambda::Function            | ShopApiConstruct/shop_details (ShopApiConstructshopdetails62FBC823) Resource creation Initiated
InfraStack-stg | 104/444 | 3:09:57 | CREATE_IN_PROGRESS   | AWS::Lambda::Function            | ShopApiConstruct/shop_delete_images (ShopApiConstructshopdeleteimages24EED0E1) Resource creation Initiated
InfraStack-stg | 104/444 | 3:09:57 | CREATE_IN_PROGRESS   | AWS::Lambda::Function            | ShopApiConstruct/shop_list (ShopApiConstructshoplist06DF9504) Resource creation Initiated
InfraStack-stg | 104/444 | 3:09:57 | CREATE_IN_PROGRESS   | AWS::Lambda::Function            | ReceiveApiConstruct/receive_verify (ReceiveApiConstructreceiveverify7B46752B) Resource creation Initiated
InfraStack-stg | 104/444 | 3:09:57 | CREATE_IN_PROGRESS   | AWS::Lambda::Function            | ShopApiConstruct/shop_admins (ShopApiConstructshopadmins4CDF82E4) Resource creation Initiated
InfraStack-stg | 104/444 | 3:09:57 | CREATE_IN_PROGRESS   | AWS::Lambda::Function            | ShopApiConstruct/shop_products (ShopApiConstructshopproductsD31F63C3) Resource creation Initiated
InfraStack-stg | 104/444 | 3:09:57 | CREATE_IN_PROGRESS   | AWS::Lambda::Function            | ShopApiConstruct/shop_products_import (ShopApiConstructshopproductsimport2518CFF5) Resource creation Initiated
InfraStack-stg | 104/444 | 3:09:57 | CREATE_IN_PROGRESS   | AWS::Lambda::Function            | ReceiveApiConstruct/receive_sender (ReceiveApiConstructreceivesenderB5CD7278) Resource creation Initiated
InfraStack-stg | 104/444 | 3:09:58 | CREATE_IN_PROGRESS   | AWS::Lambda::Function            | ReceiveApiConstruct/receive_completed (ReceiveApiConstructreceivecompletedFAEDFE72) 
InfraStack-stg | 104/444 | 3:09:58 | CREATE_IN_PROGRESS   | AWS::Lambda::Function            | ReceiveApiConstruct/receive_subscription (ReceiveApiConstructreceivesubscription2495C263) 
InfraStack-stg | 104/444 | 3:09:58 | CREATE_IN_PROGRESS   | AWS::Lambda::Function            | ReceiveApiConstruct/receive_chat (ReceiveApiConstructreceivechatEE747DE7) Resource creation Initiated
InfraStack-stg | 105/444 | 3:09:58 | CREATE_COMPLETE      | AWS::ApiGateway::Method          | MeishiGawariniApi-stg/Default/shop/qrcodecheck/OPTIONS (MeishiGawariniApistgshopqrcodecheckOPTIONS586EB8BC) 
InfraStack-stg | 106/444 | 3:09:58 | CREATE_COMPLETE      | AWS::ApiGateway::Method          | MeishiGawariniApi-stg/Default/shop/products/import/OPTIONS (MeishiGawariniApistgshopproductsimportOPTIONS2C81E4D2) 
InfraStack-stg | 107/444 | 3:09:58 | CREATE_COMPLETE      | AWS::ApiGateway::Method          | MeishiGawariniApi-stg/Default/receive/chat/OPTIONS (MeishiGawariniApistgreceivechatOPTIONSE5F33E86) 
InfraStack-stg | 108/444 | 3:09:59 | CREATE_COMPLETE      | AWS::ApiGateway::Method          | MeishiGawariniApi-stg/Default/receive/submit/OPTIONS (MeishiGawariniApistgreceivesubmitOPTIONS395FE13F) 
InfraStack-stg | 108/444 | 3:09:59 | CREATE_IN_PROGRESS   | AWS::Lambda::Function            | ReceiveApiConstruct/receive_completed (ReceiveApiConstructreceivecompletedFAEDFE72) Resource creation Initiated
InfraStack-stg | 108/444 | 3:10:00 | CREATE_IN_PROGRESS   | AWS::Lambda::Function            | ReceiveApiConstruct/receive_subscription (ReceiveApiConstructreceivesubscription2495C263) Resource creation Initiated
InfraStack-stg | 109/444 | 3:10:00 | CREATE_COMPLETE      | AWS::ApiGateway::Method          | MeishiGawariniApi-stg/Default/shop/list/OPTIONS (MeishiGawariniApistgshoplistOPTIONS7FF45A13) 
InfraStack-stg | 110/444 | 3:10:02 | CREATE_COMPLETE      | AWS::ApiGateway::Method          | MeishiGawariniApi-stg/Default/shop/admins/OPTIONS (MeishiGawariniApistgshopadminsOPTIONS6A026AEC) 
InfraStack-stg | 111/444 | 3:10:02 | CREATE_COMPLETE      | AWS::Lambda::Function            | ShopApiConstruct/ShopAuthorizerFn (ShopApiConstructShopAuthorizerFn9ADFCD99) 
InfraStack-stg | 112/444 | 3:10:02 | CREATE_COMPLETE      | AWS::Lambda::Function            | ReceiveApiConstruct/receive_authorizer_fn (ReceiveApiConstructreceiveauthorizerfn54834E68) 
InfraStack-stg | 113/444 | 3:10:02 | CREATE_COMPLETE      | AWS::ApiGateway::Resource        | MeishiGawariniApi-stg/Default/receive/uploadurl/get (MeishiGawariniApistgreceiveuploadurlgetD06A7B36) 
InfraStack-stg | 114/444 | 3:10:03 | CREATE_COMPLETE      | AWS::Lambda::Function            | ShopApiConstruct/shop_products_uploadurl (ShopApiConstructshopproductsuploadurl79D338FB) 
InfraStack-stg | 114/444 | 3:10:03 | CREATE_IN_PROGRESS   | AWS::Logs::LogGroup              | ShopApiConstruct/ShopAuthorizerFn/LogGroup (ShopApiConstructShopAuthorizerFnLogGroup7517D1E0) 
InfraStack-stg | 114/444 | 3:10:03 | CREATE_IN_PROGRESS   | AWS::Logs::LogGroup              | ReceiveApiConstruct/receive_authorizer_fn/LogGroup (ReceiveApiConstructreceiveauthorizerfnLogGroupBB0869D2) 
InfraStack-stg | 115/444 | 3:10:03 | CREATE_COMPLETE      | AWS::Lambda::Function            | ShopApiConstruct/shop_orders (ShopApiConstructshopordersAFCEC288) 
InfraStack-stg | 116/444 | 3:10:03 | CREATE_COMPLETE      | AWS::Lambda::Function            | ShopApiConstruct/shop_qr (ShopApiConstructshopqr311369C1) 
InfraStack-stg | 116/444 | 3:10:03 | CREATE_IN_PROGRESS   | AWS::ApiGateway::Authorizer      | ReceiveApiConstruct/receive_authorizer (ReceiveApiConstructreceiveauthorizer5E5A6AEF) 
InfraStack-stg | 116/444 | 3:10:03 | CREATE_IN_PROGRESS   | AWS::ApiGateway::Method          | MeishiGawariniApi-stg/Default/receive/uploadurl/get/OPTIONS (MeishiGawariniApistgreceiveuploadurlgetOPTIONSE24E4504) 
InfraStack-stg | 117/444 | 3:10:03 | CREATE_COMPLETE      | AWS::Lambda::Function            | ShopApiConstruct/shop_create (ShopApiConstructshopcreate9010356E) 
InfraStack-stg | 117/444 | 3:10:03 | UPDATE_IN_PROGRESS   | AWS::ApiGateway::Authorizer      | ShopApiConstruct/ShopAuthorizer (ShopApiConstructShopAuthorizerBBF9DD5F) 
InfraStack-stg | 118/444 | 3:10:03 | CREATE_COMPLETE      | AWS::Lambda::Function            | ReceiveApiConstruct/receive_submit (ReceiveApiConstructreceivesubmitE3743BAE) 
InfraStack-stg | 118/444 | 3:10:03 | CREATE_IN_PROGRESS   | AWS::Lambda::Permission          | MeishiGawariniApi-stg/Default/shop/products/uploadurl/POST/ApiPermission.Test.InfraStackstgMeishiGawariniApistgE6D22CC6.POST..shop.products.uploadurl (MeishiGawariniApistgshopproductsuploadurlPOSTApiPermissionTestInfraStackstgMeishiGawariniApistgE6D22CC6POSTshopproductsuploadurl52D795B1) 
InfraStack-stg | 119/444 | 3:10:03 | CREATE_COMPLETE      | AWS::Lambda::Function            | ReceiveApiConstruct/receive_upload_url (ReceiveApiConstructreceiveuploadurlE95BE01F) 
InfraStack-stg | 120/444 | 3:10:03 | CREATE_COMPLETE      | AWS::Lambda::Function            | ReceiveApiConstruct/receive_verify (ReceiveApiConstructreceiveverify7B46752B) 
InfraStack-stg | 121/444 | 3:10:03 | CREATE_COMPLETE      | AWS::Lambda::Function            | ShopApiConstruct/shop_delete_images (ShopApiConstructshopdeleteimages24EED0E1) 
InfraStack-stg | 122/444 | 3:10:03 | CREATE_COMPLETE      | AWS::Lambda::Function            | ShopApiConstruct/shop_list (ShopApiConstructshoplist06DF9504) 
InfraStack-stg | 122/444 | 3:10:03 | CREATE_IN_PROGRESS   | AWS::Logs::LogGroup              | ShopApiConstruct/shop_products_uploadurl/LogGroup (ShopApiConstructshopproductsuploadurlLogGroupDCD761A8) 
InfraStack-stg | 123/444 | 3:10:03 | CREATE_COMPLETE      | AWS::Lambda::Function            | ShopApiConstruct/shop_details (ShopApiConstructshopdetails62FBC823) 
InfraStack-stg | 124/444 | 3:10:03 | CREATE_COMPLETE      | AWS::Lambda::Function            | ShopApiConstruct/shop_admins (ShopApiConstructshopadmins4CDF82E4) 
InfraStack-stg | 125/444 | 3:10:03 | CREATE_COMPLETE      | AWS::Lambda::Function            | ShopApiConstruct/shop_products_import (ShopApiConstructshopproductsimport2518CFF5) 
InfraStack-stg | 125/444 | 3:10:04 | CREATE_IN_PROGRESS   | AWS::Logs::LogGroup              | ShopApiConstruct/shop_orders/LogGroup (ShopApiConstructshopordersLogGroupCE753CE3) 
InfraStack-stg | 126/444 | 3:10:04 | CREATE_COMPLETE      | AWS::Lambda::Function            | ReceiveApiConstruct/receive_sender (ReceiveApiConstructreceivesenderB5CD7278) 
InfraStack-stg | 126/444 | 3:10:04 | CREATE_IN_PROGRESS   | AWS::Logs::LogGroup              | ShopApiConstruct/ShopAuthorizerFn/LogGroup (ShopApiConstructShopAuthorizerFnLogGroup7517D1E0) Resource creation Initiated
InfraStack-stg | 127/444 | 3:10:04 | CREATE_COMPLETE      | AWS::Lambda::Function            | ShopApiConstruct/shop_products (ShopApiConstructshopproductsD31F63C3) 
InfraStack-stg | 127/444 | 3:10:04 | CREATE_IN_PROGRESS   | AWS::Lambda::Permission          | MeishiGawariniApi-stg/Default/shop/qr/list/POST/ApiPermission.Test.InfraStackstgMeishiGawariniApistgE6D22CC6.POST..shop.qr.list (MeishiGawariniApistgshopqrlistPOSTApiPermissionTestInfraStackstgMeishiGawariniApistgE6D22CC6POSTshopqrlistAB7637AF) 
InfraStack-stg | 127/444 | 3:10:04 | CREATE_IN_PROGRESS   | AWS::Lambda::Permission          | MeishiGawariniApi-stg/Default/shop/qr/activate/POST/ApiPermission.Test.InfraStackstgMeishiGawariniApistgE6D22CC6.POST..shop.qr.activate (MeishiGawariniApistgshopqractivatePOSTApiPermissionTestInfraStackstgMeishiGawariniApistgE6D22CC6POSTshopqractivateBF88AC5E) 
InfraStack-stg | 127/444 | 3:10:04 | CREATE_IN_PROGRESS   | AWS::Lambda::Permission          | MeishiGawariniApi-stg/Default/shop/qr/unlink/POST/ApiPermission.Test.InfraStackstgMeishiGawariniApistgE6D22CC6.POST..shop.qr.unlink (MeishiGawariniApistgshopqrunlinkPOSTApiPermissionTestInfraStackstgMeishiGawariniApistgE6D22CC6POSTshopqrunlinkD5935836) 
InfraStack-stg | 127/444 | 3:10:04 | CREATE_IN_PROGRESS   | AWS::Lambda::Permission          | MeishiGawariniApi-stg/Default/shop/qrcodecheck/POST/ApiPermission.Test.InfraStackstgMeishiGawariniApistgE6D22CC6.POST..shop.qrcodecheck (MeishiGawariniApistgshopqrcodecheckPOSTApiPermissionTestInfraStackstgMeishiGawariniApistgE6D22CC6POSTshopqrcodecheckC512B001) 
InfraStack-stg | 127/444 | 3:10:04 | CREATE_IN_PROGRESS   | AWS::Lambda::Permission          | MeishiGawariniApi-stg/Default/shop/qr/link/POST/ApiPermission.Test.InfraStackstgMeishiGawariniApistgE6D22CC6.POST..shop.qr.link (MeishiGawariniApistgshopqrlinkPOSTApiPermissionTestInfraStackstgMeishiGawariniApistgE6D22CC6POSTshopqrlink8C618BE0) 
InfraStack-stg | 127/444 | 3:10:04 | CREATE_IN_PROGRESS   | AWS::Logs::LogGroup              | ShopApiConstruct/shop_qr/LogGroup (ShopApiConstructshopqrLogGroup425CD80D) 
InfraStack-stg | 127/444 | 3:10:04 | CREATE_IN_PROGRESS   | AWS::Logs::LogGroup              | ReceiveApiConstruct/receive_authorizer_fn/LogGroup (ReceiveApiConstructreceiveauthorizerfnLogGroupBB0869D2) Resource creation Initiated
InfraStack-stg | 127/444 | 3:10:04 | CREATE_IN_PROGRESS   | AWS::Lambda::Permission          | MeishiGawariniApi-stg/Default/shop/orders/list/POST/ApiPermission.Test.InfraStackstgMeishiGawariniApistgE6D22CC6.POST..shop.orders.list (MeishiGawariniApistgshoporderslistPOSTApiPermissionTestInfraStackstgMeishiGawariniApistgE6D22CC6POSTshoporderslist2510FFA4) 
InfraStack-stg | 127/444 | 3:10:04 | CREATE_IN_PROGRESS   | AWS::Lambda::Permission          | MeishiGawariniApi-stg/Default/shop/qr/deactivate/POST/ApiPermission.Test.InfraStackstgMeishiGawariniApistgE6D22CC6.POST..shop.qr.deactivate (MeishiGawariniApistgshopqrdeactivatePOSTApiPermissionTestInfraStackstgMeishiGawariniApistgE6D22CC6POSTshopqrdeactivateED8BBC4E) 
InfraStack-stg | 127/444 | 3:10:04 | CREATE_IN_PROGRESS   | AWS::ApiGateway::Method          | MeishiGawariniApi-stg/Default/receive/uploadurl/get/OPTIONS (MeishiGawariniApistgreceiveuploadurlgetOPTIONSE24E4504) Resource creation Initiated
InfraStack-stg | 127/444 | 3:10:04 | CREATE_IN_PROGRESS   | AWS::Lambda::Permission          | MeishiGawariniApi-stg/Default/shop/orders/update/POST/ApiPermission.Test.InfraStackstgMeishiGawariniApistgE6D22CC6.POST..shop.orders.update (MeishiGawariniApistgshopordersupdatePOSTApiPermissionTestInfraStackstgMeishiGawariniApistgE6D22CC6POSTshopordersupdate39ED5D54) 
InfraStack-stg | 127/444 | 3:10:04 | CREATE_IN_PROGRESS   | AWS::ApiGateway::Authorizer      | ReceiveApiConstruct/receive_authorizer (ReceiveApiConstructreceiveauthorizer5E5A6AEF) Resource creation Initiated
InfraStack-stg | 127/444 | 3:10:04 | CREATE_IN_PROGRESS   | AWS::Logs::LogGroup              | ShopApiConstruct/shop_create/LogGroup (ShopApiConstructshopcreateLogGroupE74E9D3A) 
InfraStack-stg | 128/444 | 3:10:04 | CREATE_COMPLETE      | AWS::Lambda::Function            | ReceiveApiConstruct/receive_chat (ReceiveApiConstructreceivechatEE747DE7) 
InfraStack-stg | 128/444 | 3:10:04 | CREATE_IN_PROGRESS   | AWS::Lambda::Permission          | MeishiGawariniApi-stg/Default/shop/create/POST/ApiPermission.Test.InfraStackstgMeishiGawariniApistgE6D22CC6.POST..shop.create (MeishiGawariniApistgshopcreatePOSTApiPermissionTestInfraStackstgMeishiGawariniApistgE6D22CC6POSTshopcreate5214BFE7) 
InfraStack-stg | 128/444 | 3:10:04 | CREATE_IN_PROGRESS   | AWS::Logs::LogGroup              | ReceiveApiConstruct/receive_upload_url/LogGroup (ReceiveApiConstructreceiveuploadurlLogGroup5B45DBD8) 
InfraStack-stg | 128/444 | 3:10:04 | CREATE_IN_PROGRESS   | AWS::Logs::LogGroup              | ReceiveApiConstruct/receive_submit/LogGroup (ReceiveApiConstructreceivesubmitLogGroup2B5F59FE) 
InfraStack-stg | 128/444 | 3:10:04 | CREATE_IN_PROGRESS   | AWS::Logs::LogGroup              | ReceiveApiConstruct/receive_verify/LogGroup (ReceiveApiConstructreceiveverifyLogGroup8EA083D7) 
InfraStack-stg | 128/444 | 3:10:04 | CREATE_IN_PROGRESS   | AWS::Lambda::Permission          | MeishiGawariniApi-stg/Default/receive/uploadurl/get/POST/ApiPermission.Test.InfraStackstgMeishiGawariniApistgE6D22CC6.POST..receive.uploadurl.get (MeishiGawariniApistgreceiveuploadurlgetPOSTApiPermissionTestInfraStackstgMeishiGawariniApistgE6D22CC6POSTreceiveuploadurlgetCF1D8FFE) 
InfraStack-stg | 128/444 | 3:10:04 | CREATE_IN_PROGRESS   | AWS::Lambda::Permission          | MeishiGawariniApi-stg/Default/receive/submit/POST/ApiPermission.Test.InfraStackstgMeishiGawariniApistgE6D22CC6.POST..receive.submit (MeishiGawariniApistgreceivesubmitPOSTApiPermissionTestInfraStackstgMeishiGawariniApistgE6D22CC6POSTreceivesubmitD4F032B1) 
InfraStack-stg | 128/444 | 3:10:04 | CREATE_IN_PROGRESS   | AWS::Logs::LogGroup              | ShopApiConstruct/shop_details/LogGroup (ShopApiConstructshopdetailsLogGroupBA830067) 
InfraStack-stg | 128/444 | 3:10:04 | CREATE_IN_PROGRESS   | AWS::Lambda::Permission          | MeishiGawariniApi-stg/Default/shop/delete/images/POST/ApiPermission.Test.InfraStackstgMeishiGawariniApistgE6D22CC6.POST..shop.delete.images (MeishiGawariniApistgshopdeleteimagesPOSTApiPermissionTestInfraStackstgMeishiGawariniApistgE6D22CC6POSTshopdeleteimages2AE646F1) 
InfraStack-stg | 128/444 | 3:10:04 | CREATE_IN_PROGRESS   | AWS::Logs::LogGroup              | ShopApiConstruct/shop_list/LogGroup (ShopApiConstructshoplistLogGroup2B68729D) 
InfraStack-stg | 128/444 | 3:10:04 | CREATE_IN_PROGRESS   | AWS::Logs::LogGroup              | ShopApiConstruct/shop_delete_images/LogGroup (ShopApiConstructshopdeleteimagesLogGroup788C191F) 
InfraStack-stg | 128/444 | 3:10:04 | CREATE_IN_PROGRESS   | AWS::Lambda::Permission          | MeishiGawariniApi-stg/Default/receive/verify/POST/ApiPermission.Test.InfraStackstgMeishiGawariniApistgE6D22CC6.POST..receive.verify (MeishiGawariniApistgreceiveverifyPOSTApiPermissionTestInfraStackstgMeishiGawariniApistgE6D22CC6POSTreceiveverify6EF6ACF2) 
InfraStack-stg | 128/444 | 3:10:04 | CREATE_IN_PROGRESS   | AWS::ApiGateway::Method          | MeishiGawariniApi-stg/Default/receive/verify/POST (MeishiGawariniApistgreceiveverifyPOSTA32EAE24) 
InfraStack-stg | 128/444 | 3:10:04 | CREATE_IN_PROGRESS   | AWS::Lambda::Permission          | MeishiGawariniApi-stg/Default/shop/list/POST/ApiPermission.Test.InfraStackstgMeishiGawariniApistgE6D22CC6.POST..shop.list (MeishiGawariniApistgshoplistPOSTApiPermissionTestInfraStackstgMeishiGawariniApistgE6D22CC6POSTshoplist807DDFFD) 
InfraStack-stg | 128/444 | 3:10:04 | CREATE_IN_PROGRESS   | AWS::Lambda::Permission          | MeishiGawariniApi-stg/Default/shop/details/POST/ApiPermission.Test.InfraStackstgMeishiGawariniApistgE6D22CC6.POST..shop.details (MeishiGawariniApistgshopdetailsPOSTApiPermissionTestInfraStackstgMeishiGawariniApistgE6D22CC6POSTshopdetails8C581CAE) 
InfraStack-stg | 128/444 | 3:10:04 | CREATE_IN_PROGRESS   | AWS::Logs::LogGroup              | ShopApiConstruct/shop_admins/LogGroup (ShopApiConstructshopadminsLogGroup708092A2) 
InfraStack-stg | 128/444 | 3:10:04 | CREATE_IN_PROGRESS   | AWS::Logs::LogGroup              | ShopApiConstruct/shop_products_uploadurl/LogGroup (ShopApiConstructshopproductsuploadurlLogGroupDCD761A8) Resource creation Initiated
InfraStack-stg | 128/444 | 3:10:04 | CREATE_IN_PROGRESS   | AWS::Lambda::Permission          | MeishiGawariniApi-stg/Default/shop/products/uploadurl/POST/ApiPermission.Test.InfraStackstgMeishiGawariniApistgE6D22CC6.POST..shop.products.uploadurl (MeishiGawariniApistgshopproductsuploadurlPOSTApiPermissionTestInfraStackstgMeishiGawariniApistgE6D22CC6POSTshopproductsuploadurl52D795B1) Resource creation Initiated
InfraStack-stg | 128/444 | 3:10:04 | CREATE_IN_PROGRESS   | AWS::Lambda::Permission          | MeishiGawariniApi-stg/Default/shop/products/import/execute/POST/ApiPermission.Test.InfraStackstgMeishiGawariniApistgE6D22CC6.POST..shop.products.import.execute (MeishiGawariniApistgshopproductsimportexecutePOSTApiPermissionTestInfraStackstgMeishiGawariniApistgE6D22CC6POSTshopproductsimportexecute8B8F25A0) 
InfraStack-stg | 128/444 | 3:10:04 | CREATE_IN_PROGRESS   | AWS::Lambda::Permission          | MeishiGawariniApi-stg/Default/shop/products/import/list/POST/ApiPermission.Test.InfraStackstgMeishiGawariniApistgE6D22CC6.POST..shop.products.import.list (MeishiGawariniApistgshopproductsimportlistPOSTApiPermissionTestInfraStackstgMeishiGawariniApistgE6D22CC6POSTshopproductsimportlist9E6DB6BD) 
InfraStack-stg | 128/444 | 3:10:04 | CREATE_IN_PROGRESS   | AWS::Lambda::Permission          | MeishiGawariniApi-stg/Default/shop/admins/POST/ApiPermission.Test.InfraStackstgMeishiGawariniApistgE6D22CC6.POST..shop.admins (MeishiGawariniApistgshopadminsPOSTApiPermissionTestInfraStackstgMeishiGawariniApistgE6D22CC6POSTshopadmins6BAEAF03) 
InfraStack-stg | 128/444 | 3:10:04 | CREATE_IN_PROGRESS   | AWS::Logs::LogGroup              | ReceiveApiConstruct/receive_sender/LogGroup (ReceiveApiConstructreceivesenderLogGroup681FFB71) 
InfraStack-stg | 128/444 | 3:10:04 | CREATE_IN_PROGRESS   | AWS::Lambda::Permission          | MeishiGawariniApi-stg/Default/receive/sender/update/POST/ApiPermission.Test.InfraStackstgMeishiGawariniApistgE6D22CC6.POST..receive.sender.update (MeishiGawariniApistgreceivesenderupdatePOSTApiPermissionTestInfraStackstgMeishiGawariniApistgE6D22CC6POSTreceivesenderupdateB82D6837) 
InfraStack-stg | 128/444 | 3:10:04 | CREATE_IN_PROGRESS   | AWS::Lambda::Permission          | MeishiGawariniApi-stg/Default/receive/sender/load/POST/ApiPermission.Test.InfraStackstgMeishiGawariniApistgE6D22CC6.POST..receive.sender.load (MeishiGawariniApistgreceivesenderloadPOSTApiPermissionTestInfraStackstgMeishiGawariniApistgE6D22CC6POSTreceivesenderload36A084A3) 
InfraStack-stg | 128/444 | 3:10:04 | CREATE_IN_PROGRESS   | AWS::Logs::LogGroup              | ShopApiConstruct/shop_products/LogGroup (ShopApiConstructshopproductsLogGroup500BDBA7) 
InfraStack-stg | 128/444 | 3:10:04 | CREATE_IN_PROGRESS   | AWS::Lambda::Permission          | MeishiGawariniApi-stg/Default/receive/sender/save/POST/ApiPermission.Test.InfraStackstgMeishiGawariniApistgE6D22CC6.POST..receive.sender.save (MeishiGawariniApistgreceivesendersavePOSTApiPermissionTestInfraStackstgMeishiGawariniApistgE6D22CC6POSTreceivesendersave425AB61D) 
InfraStack-stg | 128/444 | 3:10:04 | CREATE_IN_PROGRESS   | AWS::Lambda::Permission          | MeishiGawariniApi-stg/Default/shop/products/create/POST/ApiPermission.Test.InfraStackstgMeishiGawariniApistgE6D22CC6.POST..shop.products.create (MeishiGawariniApistgshopproductscreatePOSTApiPermissionTestInfraStackstgMeishiGawariniApistgE6D22CC6POSTshopproductscreate2CEC3535) 
InfraStack-stg | 128/444 | 3:10:04 | CREATE_IN_PROGRESS   | AWS::Lambda::Permission          | MeishiGawariniApi-stg/Default/shop/products/update/POST/ApiPermission.Test.InfraStackstgMeishiGawariniApistgE6D22CC6.POST..shop.products.update (MeishiGawariniApistgshopproductsupdatePOSTApiPermissionTestInfraStackstgMeishiGawariniApistgE6D22CC6POSTshopproductsupdateD8029AE8) 
InfraStack-stg | 128/444 | 3:10:04 | CREATE_IN_PROGRESS   | AWS::Lambda::Permission          | MeishiGawariniApi-stg/Default/shop/products/delete/POST/ApiPermission.Test.InfraStackstgMeishiGawariniApistgE6D22CC6.POST..shop.products.delete (MeishiGawariniApistgshopproductsdeletePOSTApiPermissionTestInfraStackstgMeishiGawariniApistgE6D22CC6POSTshopproductsdeleteFA2EB9F6) 
InfraStack-stg | 128/444 | 3:10:04 | CREATE_IN_PROGRESS   | AWS::Lambda::Permission          | MeishiGawariniApi-stg/Default/shop/products/list/POST/ApiPermission.Test.InfraStackstgMeishiGawariniApistgE6D22CC6.POST..shop.products.list (MeishiGawariniApistgshopproductslistPOSTApiPermissionTestInfraStackstgMeishiGawariniApistgE6D22CC6POSTshopproductslistE196BF4A) 
InfraStack-stg | 128/444 | 3:10:05 | CREATE_IN_PROGRESS   | AWS::Lambda::Permission          | MeishiGawariniApi-stg/Default/shop/qr/list/POST/ApiPermission.Test.InfraStackstgMeishiGawariniApistgE6D22CC6.POST..shop.qr.list (MeishiGawariniApistgshopqrlistPOSTApiPermissionTestInfraStackstgMeishiGawariniApistgE6D22CC6POSTshopqrlistAB7637AF) Resource creation Initiated
InfraStack-stg | 128/444 | 3:10:05 | CREATE_IN_PROGRESS   | AWS::Logs::LogGroup              | ShopApiConstruct/shop_products_import/LogGroup (ShopApiConstructshopproductsimportLogGroup5A38218C) 
InfraStack-stg | 128/444 | 3:10:05 | CREATE_IN_PROGRESS   | AWS::Lambda::Permission          | MeishiGawariniApi-stg/Default/shop/qr/activate/POST/ApiPermission.Test.InfraStackstgMeishiGawariniApistgE6D22CC6.POST..shop.qr.activate (MeishiGawariniApistgshopqractivatePOSTApiPermissionTestInfraStackstgMeishiGawariniApistgE6D22CC6POSTshopqractivateBF88AC5E) Resource creation Initiated
InfraStack-stg | 128/444 | 3:10:05 | CREATE_IN_PROGRESS   | AWS::Logs::LogGroup              | ShopApiConstruct/shop_orders/LogGroup (ShopApiConstructshopordersLogGroupCE753CE3) Resource creation Initiated
InfraStack-stg | 128/444 | 3:10:05 | CREATE_IN_PROGRESS   | AWS::Logs::LogGroup              | ShopApiConstruct/shop_qr/LogGroup (ShopApiConstructshopqrLogGroup425CD80D) Resource creation Initiated
InfraStack-stg | 128/444 | 3:10:05 | CREATE_IN_PROGRESS   | AWS::Lambda::Permission          | MeishiGawariniApi-stg/Default/shop/orders/list/POST/ApiPermission.Test.InfraStackstgMeishiGawariniApistgE6D22CC6.POST..shop.orders.list (MeishiGawariniApistgshoporderslistPOSTApiPermissionTestInfraStackstgMeishiGawariniApistgE6D22CC6POSTshoporderslist2510FFA4) Resource creation Initiated
InfraStack-stg | 128/444 | 3:10:05 | CREATE_IN_PROGRESS   | AWS::Lambda::Permission          | MeishiGawariniApi-stg/Default/receive/chat/get/POST/ApiPermission.Test.InfraStackstgMeishiGawariniApistgE6D22CC6.POST..receive.chat.get (MeishiGawariniApistgreceivechatgetPOSTApiPermissionTestInfraStackstgMeishiGawariniApistgE6D22CC6POSTreceivechatget2CF12DFC) 
InfraStack-stg | 128/444 | 3:10:05 | CREATE_IN_PROGRESS   | AWS::Logs::LogGroup              | ShopApiConstruct/shop_create/LogGroup (ShopApiConstructshopcreateLogGroupE74E9D3A) Resource creation Initiated
InfraStack-stg | 128/444 | 3:10:05 | CREATE_IN_PROGRESS   | AWS::Lambda::Permission          | MeishiGawariniApi-stg/Default/shop/qr/unlink/POST/ApiPermission.Test.InfraStackstgMeishiGawariniApistgE6D22CC6.POST..shop.qr.unlink (MeishiGawariniApistgshopqrunlinkPOSTApiPermissionTestInfraStackstgMeishiGawariniApistgE6D22CC6POSTshopqrunlinkD5935836) Resource creation Initiated
InfraStack-stg | 128/444 | 3:10:05 | CREATE_IN_PROGRESS   | AWS::Lambda::Permission          | MeishiGawariniApi-stg/Default/receive/chat/send/POST/ApiPermission.Test.InfraStackstgMeishiGawariniApistgE6D22CC6.POST..receive.chat.send (MeishiGawariniApistgreceivechatsendPOSTApiPermissionTestInfraStackstgMeishiGawariniApistgE6D22CC6POSTreceivechatsendA7478427) 
InfraStack-stg | 128/444 | 3:10:05 | CREATE_IN_PROGRESS   | AWS::Logs::LogGroup              | ReceiveApiConstruct/receive_chat/LogGroup (ReceiveApiConstructreceivechatLogGroup55336ED6) 
InfraStack-stg | 128/444 | 3:10:05 | CREATE_IN_PROGRESS   | AWS::Lambda::Permission          | MeishiGawariniApi-stg/Default/shop/qrcodecheck/POST/ApiPermission.Test.InfraStackstgMeishiGawariniApistgE6D22CC6.POST..shop.qrcodecheck (MeishiGawariniApistgshopqrcodecheckPOSTApiPermissionTestInfraStackstgMeishiGawariniApistgE6D22CC6POSTshopqrcodecheckC512B001) Resource creation Initiated
InfraStack-stg | 128/444 | 3:10:05 | CREATE_IN_PROGRESS   | AWS::Logs::LogGroup              | ReceiveApiConstruct/receive_submit/LogGroup (ReceiveApiConstructreceivesubmitLogGroup2B5F59FE) Resource creation Initiated
InfraStack-stg | 128/444 | 3:10:05 | CREATE_IN_PROGRESS   | AWS::Lambda::Permission          | MeishiGawariniApi-stg/Default/shop/orders/update/POST/ApiPermission.Test.InfraStackstgMeishiGawariniApistgE6D22CC6.POST..shop.orders.update (MeishiGawariniApistgshopordersupdatePOSTApiPermissionTestInfraStackstgMeishiGawariniApistgE6D22CC6POSTshopordersupdate39ED5D54) Resource creation Initiated
InfraStack-stg | 128/444 | 3:10:05 | CREATE_IN_PROGRESS   | AWS::Lambda::Permission          | MeishiGawariniApi-stg/Default/shop/create/POST/ApiPermission.Test.InfraStackstgMeishiGawariniApistgE6D22CC6.POST..shop.create (MeishiGawariniApistgshopcreatePOSTApiPermissionTestInfraStackstgMeishiGawariniApistgE6D22CC6POSTshopcreate5214BFE7) Resource creation Initiated
InfraStack-stg | 128/444 | 3:10:05 | CREATE_IN_PROGRESS   | AWS::Logs::LogGroup              | ReceiveApiConstruct/receive_upload_url/LogGroup (ReceiveApiConstructreceiveuploadurlLogGroup5B45DBD8) Resource creation Initiated
InfraStack-stg | 129/444 | 3:10:05 | CREATE_COMPLETE      | AWS::Lambda::Permission          | MeishiGawariniApi-stg/Default/shop/products/uploadurl/POST/ApiPermission.Test.InfraStackstgMeishiGawariniApistgE6D22CC6.POST..shop.products.uploadurl (MeishiGawariniApistgshopproductsuploadurlPOSTApiPermissionTestInfraStackstgMeishiGawariniApistgE6D22CC6POSTshopproductsuploadurl52D795B1) 
InfraStack-stg | 129/444 | 3:10:05 | CREATE_IN_PROGRESS   | AWS::Logs::LogGroup              | ReceiveApiConstruct/receive_verify/LogGroup (ReceiveApiConstructreceiveverifyLogGroup8EA083D7) Resource creation Initiated
InfraStack-stg | 129/444 | 3:10:05 | CREATE_IN_PROGRESS   | AWS::Lambda::Permission          | MeishiGawariniApi-stg/Default/shop/qr/deactivate/POST/ApiPermission.Test.InfraStackstgMeishiGawariniApistgE6D22CC6.POST..shop.qr.deactivate (MeishiGawariniApistgshopqrdeactivatePOSTApiPermissionTestInfraStackstgMeishiGawariniApistgE6D22CC6POSTshopqrdeactivateED8BBC4E) Resource creation Initiated
InfraStack-stg | 129/444 | 3:10:05 | CREATE_IN_PROGRESS   | AWS::Lambda::Permission          | MeishiGawariniApi-stg/Default/receive/uploadurl/get/POST/ApiPermission.Test.InfraStackstgMeishiGawariniApistgE6D22CC6.POST..receive.uploadurl.get (MeishiGawariniApistgreceiveuploadurlgetPOSTApiPermissionTestInfraStackstgMeishiGawariniApistgE6D22CC6POSTreceiveuploadurlgetCF1D8FFE) Resource creation Initiated
InfraStack-stg | 129/444 | 3:10:05 | CREATE_IN_PROGRESS   | AWS::Logs::LogGroup              | ShopApiConstruct/shop_admins/LogGroup (ShopApiConstructshopadminsLogGroup708092A2) Resource creation Initiated
InfraStack-stg | 129/444 | 3:10:05 | CREATE_IN_PROGRESS   | AWS::ApiGateway::Method          | MeishiGawariniApi-stg/Default/receive/verify/POST (MeishiGawariniApistgreceiveverifyPOSTA32EAE24) Resource creation Initiated
InfraStack-stg | 129/444 | 3:10:05 | CREATE_IN_PROGRESS   | AWS::Logs::LogGroup              | ShopApiConstruct/shop_list/LogGroup (ShopApiConstructshoplistLogGroup2B68729D) Resource creation Initiated
InfraStack-stg | 129/444 | 3:10:05 | CREATE_IN_PROGRESS   | AWS::Lambda::Permission          | MeishiGawariniApi-stg/Default/receive/submit/POST/ApiPermission.Test.InfraStackstgMeishiGawariniApistgE6D22CC6.POST..receive.submit (MeishiGawariniApistgreceivesubmitPOSTApiPermissionTestInfraStackstgMeishiGawariniApistgE6D22CC6POSTreceivesubmitD4F032B1) Resource creation Initiated
InfraStack-stg | 129/444 | 3:10:05 | CREATE_IN_PROGRESS   | AWS::Logs::LogGroup              | ShopApiConstruct/shop_details/LogGroup (ShopApiConstructshopdetailsLogGroupBA830067) Resource creation Initiated
InfraStack-stg | 130/444 | 3:10:05 | CREATE_COMPLETE      | AWS::Lambda::Permission          | MeishiGawariniApi-stg/Default/shop/qr/list/POST/ApiPermission.Test.InfraStackstgMeishiGawariniApistgE6D22CC6.POST..shop.qr.list (MeishiGawariniApistgshopqrlistPOSTApiPermissionTestInfraStackstgMeishiGawariniApistgE6D22CC6POSTshopqrlistAB7637AF) 
InfraStack-stg | 130/444 | 3:10:05 | CREATE_IN_PROGRESS   | AWS::Lambda::Permission          | MeishiGawariniApi-stg/Default/receive/verify/POST/ApiPermission.Test.InfraStackstgMeishiGawariniApistgE6D22CC6.POST..receive.verify (MeishiGawariniApistgreceiveverifyPOSTApiPermissionTestInfraStackstgMeishiGawariniApistgE6D22CC6POSTreceiveverify6EF6ACF2) Resource creation Initiated
InfraStack-stg | 130/444 | 3:10:05 | CREATE_IN_PROGRESS   | AWS::Lambda::Permission          | MeishiGawariniApi-stg/Default/shop/list/POST/ApiPermission.Test.InfraStackstgMeishiGawariniApistgE6D22CC6.POST..shop.list (MeishiGawariniApistgshoplistPOSTApiPermissionTestInfraStackstgMeishiGawariniApistgE6D22CC6POSTshoplist807DDFFD) Resource creation Initiated
InfraStack-stg | 130/444 | 3:10:05 | CREATE_IN_PROGRESS   | AWS::Logs::LogGroup              | ShopApiConstruct/shop_delete_images/LogGroup (ShopApiConstructshopdeleteimagesLogGroup788C191F) Resource creation Initiated
InfraStack-stg | 130/444 | 3:10:05 | CREATE_IN_PROGRESS   | AWS::Lambda::Permission          | MeishiGawariniApi-stg/Default/shop/delete/images/POST/ApiPermission.Test.InfraStackstgMeishiGawariniApistgE6D22CC6.POST..shop.delete.images (MeishiGawariniApistgshopdeleteimagesPOSTApiPermissionTestInfraStackstgMeishiGawariniApistgE6D22CC6POSTshopdeleteimages2AE646F1) Resource creation Initiated
InfraStack-stg | 130/444 | 3:10:05 | CREATE_IN_PROGRESS   | AWS::Logs::LogGroup              | ShopApiConstruct/shop_products/LogGroup (ShopApiConstructshopproductsLogGroup500BDBA7) Resource creation Initiated
InfraStack-stg | 130/444 | 3:10:05 | CREATE_IN_PROGRESS   | AWS::Lambda::Permission          | MeishiGawariniApi-stg/Default/shop/products/import/list/POST/ApiPermission.Test.InfraStackstgMeishiGawariniApistgE6D22CC6.POST..shop.products.import.list (MeishiGawariniApistgshopproductsimportlistPOSTApiPermissionTestInfraStackstgMeishiGawariniApistgE6D22CC6POSTshopproductsimportlist9E6DB6BD) Resource creation Initiated
InfraStack-stg | 131/444 | 3:10:05 | CREATE_COMPLETE      | AWS::Lambda::Permission          | MeishiGawariniApi-stg/Default/shop/qr/activate/POST/ApiPermission.Test.InfraStackstgMeishiGawariniApistgE6D22CC6.POST..shop.qr.activate (MeishiGawariniApistgshopqractivatePOSTApiPermissionTestInfraStackstgMeishiGawariniApistgE6D22CC6POSTshopqractivateBF88AC5E) 
InfraStack-stg | 132/444 | 3:10:05 | CREATE_COMPLETE      | AWS::Lambda::Permission          | MeishiGawariniApi-stg/Default/shop/orders/list/POST/ApiPermission.Test.InfraStackstgMeishiGawariniApistgE6D22CC6.POST..shop.orders.list (MeishiGawariniApistgshoporderslistPOSTApiPermissionTestInfraStackstgMeishiGawariniApistgE6D22CC6POSTshoporderslist2510FFA4) 
InfraStack-stg | 132/444 | 3:10:05 | CREATE_IN_PROGRESS   | AWS::Lambda::Permission          | MeishiGawariniApi-stg/Default/shop/admins/POST/ApiPermission.Test.InfraStackstgMeishiGawariniApistgE6D22CC6.POST..shop.admins (MeishiGawariniApistgshopadminsPOSTApiPermissionTestInfraStackstgMeishiGawariniApistgE6D22CC6POSTshopadmins6BAEAF03) Resource creation Initiated
InfraStack-stg | 132/444 | 3:10:05 | CREATE_IN_PROGRESS   | AWS::Lambda::Permission          | MeishiGawariniApi-stg/Default/shop/qr/link/POST/ApiPermission.Test.InfraStackstgMeishiGawariniApistgE6D22CC6.POST..shop.qr.link (MeishiGawariniApistgshopqrlinkPOSTApiPermissionTestInfraStackstgMeishiGawariniApistgE6D22CC6POSTshopqrlink8C618BE0) Resource creation Initiated
InfraStack-stg | 132/444 | 3:10:05 | CREATE_IN_PROGRESS   | AWS::Lambda::Permission          | MeishiGawariniApi-stg/Default/shop/details/POST/ApiPermission.Test.InfraStackstgMeishiGawariniApistgE6D22CC6.POST..shop.details (MeishiGawariniApistgshopdetailsPOSTApiPermissionTestInfraStackstgMeishiGawariniApistgE6D22CC6POSTshopdetails8C581CAE) Resource creation Initiated
InfraStack-stg | 132/444 | 3:10:05 | CREATE_IN_PROGRESS   | AWS::Lambda::Permission          | MeishiGawariniApi-stg/Default/receive/sender/load/POST/ApiPermission.Test.InfraStackstgMeishiGawariniApistgE6D22CC6.POST..receive.sender.load (MeishiGawariniApistgreceivesenderloadPOSTApiPermissionTestInfraStackstgMeishiGawariniApistgE6D22CC6POSTreceivesenderload36A084A3) Resource creation Initiated
InfraStack-stg | 132/444 | 3:10:05 | CREATE_IN_PROGRESS   | AWS::Logs::LogGroup              | ReceiveApiConstruct/receive_sender/LogGroup (ReceiveApiConstructreceivesenderLogGroup681FFB71) Resource creation Initiated
InfraStack-stg | 132/444 | 3:10:05 | CREATE_IN_PROGRESS   | AWS::Lambda::Permission          | MeishiGawariniApi-stg/Default/shop/products/import/execute/POST/ApiPermission.Test.InfraStackstgMeishiGawariniApistgE6D22CC6.POST..shop.products.import.execute (MeishiGawariniApistgshopproductsimportexecutePOSTApiPermissionTestInfraStackstgMeishiGawariniApistgE6D22CC6POSTshopproductsimportexecute8B8F25A0) Resource creation Initiated
InfraStack-stg | 132/444 | 3:10:05 | CREATE_IN_PROGRESS   | AWS::Lambda::Permission          | MeishiGawariniApi-stg/Default/shop/products/delete/POST/ApiPermission.Test.InfraStackstgMeishiGawariniApistgE6D22CC6.POST..shop.products.delete (MeishiGawariniApistgshopproductsdeletePOSTApiPermissionTestInfraStackstgMeishiGawariniApistgE6D22CC6POSTshopproductsdeleteFA2EB9F6) Resource creation Initiated
InfraStack-stg | 133/444 | 3:10:05 | CREATE_COMPLETE      | AWS::Lambda::Permission          | MeishiGawariniApi-stg/Default/shop/qrcodecheck/POST/ApiPermission.Test.InfraStackstgMeishiGawariniApistgE6D22CC6.POST..shop.qrcodecheck (MeishiGawariniApistgshopqrcodecheckPOSTApiPermissionTestInfraStackstgMeishiGawariniApistgE6D22CC6POSTshopqrcodecheckC512B001) 
InfraStack-stg | 133/444 | 3:10:05 | CREATE_IN_PROGRESS   | AWS::Lambda::Permission          | MeishiGawariniApi-stg/Default/receive/sender/update/POST/ApiPermission.Test.InfraStackstgMeishiGawariniApistgE6D22CC6.POST..receive.sender.update (MeishiGawariniApistgreceivesenderupdatePOSTApiPermissionTestInfraStackstgMeishiGawariniApistgE6D22CC6POSTreceivesenderupdateB82D6837) Resource creation Initiated
InfraStack-stg | 134/444 | 3:10:05 | CREATE_COMPLETE      | AWS::ApiGateway::Method          | MeishiGawariniApi-stg/Default/shop/products/list/OPTIONS (MeishiGawariniApistgshopproductslistOPTIONS7A0D3C7E) 
InfraStack-stg | 135/444 | 3:10:06 | CREATE_COMPLETE      | AWS::Lambda::Permission          | MeishiGawariniApi-stg/Default/shop/orders/update/POST/ApiPermission.Test.InfraStackstgMeishiGawariniApistgE6D22CC6.POST..shop.orders.update (MeishiGawariniApistgshopordersupdatePOSTApiPermissionTestInfraStackstgMeishiGawariniApistgE6D22CC6POSTshopordersupdate39ED5D54) 
InfraStack-stg | 135/444 | 3:10:06 | CREATE_IN_PROGRESS   | AWS::Lambda::Permission          | MeishiGawariniApi-stg/Default/shop/products/update/POST/ApiPermission.Test.InfraStackstgMeishiGawariniApistgE6D22CC6.POST..shop.products.update (MeishiGawariniApistgshopproductsupdatePOSTApiPermissionTestInfraStackstgMeishiGawariniApistgE6D22CC6POSTshopproductsupdateD8029AE8) Resource creation Initiated
InfraStack-stg | 135/444 | 3:10:06 | CREATE_IN_PROGRESS   | AWS::Logs::LogGroup              | ShopApiConstruct/shop_products_import/LogGroup (ShopApiConstructshopproductsimportLogGroup5A38218C) Resource creation Initiated
InfraStack-stg | 136/444 | 3:10:06 | CREATE_COMPLETE      | AWS::Lambda::Permission          | MeishiGawariniApi-stg/Default/shop/qr/unlink/POST/ApiPermission.Test.InfraStackstgMeishiGawariniApistgE6D22CC6.POST..shop.qr.unlink (MeishiGawariniApistgshopqrunlinkPOSTApiPermissionTestInfraStackstgMeishiGawariniApistgE6D22CC6POSTshopqrunlinkD5935836) 
InfraStack-stg | 136/444 | 3:10:06 | CREATE_IN_PROGRESS   | AWS::Lambda::Permission          | MeishiGawariniApi-stg/Default/receive/sender/save/POST/ApiPermission.Test.InfraStackstgMeishiGawariniApistgE6D22CC6.POST..receive.sender.save (MeishiGawariniApistgreceivesendersavePOSTApiPermissionTestInfraStackstgMeishiGawariniApistgE6D22CC6POSTreceivesendersave425AB61D) Resource creation Initiated
InfraStack-stg | 136/444 | 3:10:06 | CREATE_IN_PROGRESS   | AWS::Lambda::Permission          | MeishiGawariniApi-stg/Default/receive/chat/get/POST/ApiPermission.Test.InfraStackstgMeishiGawariniApistgE6D22CC6.POST..receive.chat.get (MeishiGawariniApistgreceivechatgetPOSTApiPermissionTestInfraStackstgMeishiGawariniApistgE6D22CC6POSTreceivechatget2CF12DFC) Resource creation Initiated
InfraStack-stg | 137/444 | 3:10:06 | CREATE_COMPLETE      | AWS::Lambda::Permission          | MeishiGawariniApi-stg/Default/shop/create/POST/ApiPermission.Test.InfraStackstgMeishiGawariniApistgE6D22CC6.POST..shop.create (MeishiGawariniApistgshopcreatePOSTApiPermissionTestInfraStackstgMeishiGawariniApistgE6D22CC6POSTshopcreate5214BFE7) 
InfraStack-stg | 138/444 | 3:10:06 | CREATE_COMPLETE      | AWS::Lambda::Permission          | MeishiGawariniApi-stg/Default/shop/qr/deactivate/POST/ApiPermission.Test.InfraStackstgMeishiGawariniApistgE6D22CC6.POST..shop.qr.deactivate (MeishiGawariniApistgshopqrdeactivatePOSTApiPermissionTestInfraStackstgMeishiGawariniApistgE6D22CC6POSTshopqrdeactivateED8BBC4E) 
InfraStack-stg | 138/444 | 3:10:06 | CREATE_IN_PROGRESS   | AWS::Lambda::Permission          | MeishiGawariniApi-stg/Default/shop/products/create/POST/ApiPermission.Test.InfraStackstgMeishiGawariniApistgE6D22CC6.POST..shop.products.create (MeishiGawariniApistgshopproductscreatePOSTApiPermissionTestInfraStackstgMeishiGawariniApistgE6D22CC6POSTshopproductscreate2CEC3535) Resource creation Initiated
InfraStack-stg | 138/444 | 3:10:06 | CREATE_IN_PROGRESS   | AWS::Logs::LogGroup              | ReceiveApiConstruct/receive_chat/LogGroup (ReceiveApiConstructreceivechatLogGroup55336ED6) Resource creation Initiated
InfraStack-stg | 139/444 | 3:10:06 | CREATE_COMPLETE      | AWS::Lambda::Permission          | MeishiGawariniApi-stg/Default/receive/submit/POST/ApiPermission.Test.InfraStackstgMeishiGawariniApistgE6D22CC6.POST..receive.submit (MeishiGawariniApistgreceivesubmitPOSTApiPermissionTestInfraStackstgMeishiGawariniApistgE6D22CC6POSTreceivesubmitD4F032B1) 
InfraStack-stg | 140/444 | 3:10:06 | CREATE_COMPLETE      | AWS::Lambda::Permission          | MeishiGawariniApi-stg/Default/receive/uploadurl/get/POST/ApiPermission.Test.InfraStackstgMeishiGawariniApistgE6D22CC6.POST..receive.uploadurl.get (MeishiGawariniApistgreceiveuploadurlgetPOSTApiPermissionTestInfraStackstgMeishiGawariniApistgE6D22CC6POSTreceiveuploadurlgetCF1D8FFE) 
InfraStack-stg | 140/444 | 3:10:06 | CREATE_IN_PROGRESS   | AWS::Lambda::Permission          | MeishiGawariniApi-stg/Default/shop/products/list/POST/ApiPermission.Test.InfraStackstgMeishiGawariniApistgE6D22CC6.POST..shop.products.list (MeishiGawariniApistgshopproductslistPOSTApiPermissionTestInfraStackstgMeishiGawariniApistgE6D22CC6POSTshopproductslistE196BF4A) Resource creation Initiated
InfraStack-stg | 140/444 | 3:10:06 | CREATE_IN_PROGRESS   | AWS::Lambda::Permission          | MeishiGawariniApi-stg/Default/receive/chat/send/POST/ApiPermission.Test.InfraStackstgMeishiGawariniApistgE6D22CC6.POST..receive.chat.send (MeishiGawariniApistgreceivechatsendPOSTApiPermissionTestInfraStackstgMeishiGawariniApistgE6D22CC6POSTreceivechatsendA7478427) Resource creation Initiated
InfraStack-stg | 141/444 | 3:10:06 | CREATE_COMPLETE      | AWS::Lambda::Permission          | MeishiGawariniApi-stg/Default/shop/list/POST/ApiPermission.Test.InfraStackstgMeishiGawariniApistgE6D22CC6.POST..shop.list (MeishiGawariniApistgshoplistPOSTApiPermissionTestInfraStackstgMeishiGawariniApistgE6D22CC6POSTshoplist807DDFFD) 
InfraStack-stg | 142/444 | 3:10:06 | CREATE_COMPLETE      | AWS::Lambda::Permission          | MeishiGawariniApi-stg/Default/receive/verify/POST/ApiPermission.Test.InfraStackstgMeishiGawariniApistgE6D22CC6.POST..receive.verify (MeishiGawariniApistgreceiveverifyPOSTApiPermissionTestInfraStackstgMeishiGawariniApistgE6D22CC6POSTreceiveverify6EF6ACF2) 
InfraStack-stg | 143/444 | 3:10:06 | CREATE_COMPLETE      | AWS::Lambda::Permission          | MeishiGawariniApi-stg/Default/shop/products/import/list/POST/ApiPermission.Test.InfraStackstgMeishiGawariniApistgE6D22CC6.POST..shop.products.import.list (MeishiGawariniApistgshopproductsimportlistPOSTApiPermissionTestInfraStackstgMeishiGawariniApistgE6D22CC6POSTshopproductsimportlist9E6DB6BD) 
InfraStack-stg | 144/444 | 3:10:06 | CREATE_COMPLETE      | AWS::Lambda::Permission          | MeishiGawariniApi-stg/Default/shop/delete/images/POST/ApiPermission.Test.InfraStackstgMeishiGawariniApistgE6D22CC6.POST..shop.delete.images (MeishiGawariniApistgshopdeleteimagesPOSTApiPermissionTestInfraStackstgMeishiGawariniApistgE6D22CC6POSTshopdeleteimages2AE646F1) 
InfraStack-stg | 145/444 | 3:10:06 | CREATE_COMPLETE      | AWS::Lambda::Function            | ReceiveApiConstruct/receive_completed (ReceiveApiConstructreceivecompletedFAEDFE72) 
InfraStack-stg | 146/444 | 3:10:06 | CREATE_COMPLETE      | AWS::Lambda::Function            | ReceiveApiConstruct/receive_subscription (ReceiveApiConstructreceivesubscription2495C263) 
InfraStack-stg | 147/444 | 3:10:06 | CREATE_COMPLETE      | AWS::Lambda::Permission          | MeishiGawariniApi-stg/Default/shop/details/POST/ApiPermission.Test.InfraStackstgMeishiGawariniApistgE6D22CC6.POST..shop.details (MeishiGawariniApistgshopdetailsPOSTApiPermissionTestInfraStackstgMeishiGawariniApistgE6D22CC6POSTshopdetails8C581CAE) 
InfraStack-stg | 148/444 | 3:10:06 | CREATE_COMPLETE      | AWS::Lambda::Permission          | MeishiGawariniApi-stg/Default/shop/admins/POST/ApiPermission.Test.InfraStackstgMeishiGawariniApistgE6D22CC6.POST..shop.admins (MeishiGawariniApistgshopadminsPOSTApiPermissionTestInfraStackstgMeishiGawariniApistgE6D22CC6POSTshopadmins6BAEAF03) 
InfraStack-stg | 149/444 | 3:10:06 | CREATE_COMPLETE      | AWS::Lambda::Permission          | MeishiGawariniApi-stg/Default/shop/products/delete/POST/ApiPermission.Test.InfraStackstgMeishiGawariniApistgE6D22CC6.POST..shop.products.delete (MeishiGawariniApistgshopproductsdeletePOSTApiPermissionTestInfraStackstgMeishiGawariniApistgE6D22CC6POSTshopproductsdeleteFA2EB9F6) 
InfraStack-stg | 150/444 | 3:10:06 | CREATE_COMPLETE      | AWS::Lambda::Permission          | MeishiGawariniApi-stg/Default/receive/sender/load/POST/ApiPermission.Test.InfraStackstgMeishiGawariniApistgE6D22CC6.POST..receive.sender.load (MeishiGawariniApistgreceivesenderloadPOSTApiPermissionTestInfraStackstgMeishiGawariniApistgE6D22CC6POSTreceivesenderload36A084A3) 
InfraStack-stg | 151/444 | 3:10:06 | CREATE_COMPLETE      | AWS::Lambda::Permission          | MeishiGawariniApi-stg/Default/shop/products/import/execute/POST/ApiPermission.Test.InfraStackstgMeishiGawariniApistgE6D22CC6.POST..shop.products.import.execute (MeishiGawariniApistgshopproductsimportexecutePOSTApiPermissionTestInfraStackstgMeishiGawariniApistgE6D22CC6POSTshopproductsimportexecute8B8F25A0) 
InfraStack-stg | 152/444 | 3:10:06 | CREATE_COMPLETE      | AWS::Lambda::Permission          | MeishiGawariniApi-stg/Default/shop/qr/link/POST/ApiPermission.Test.InfraStackstgMeishiGawariniApistgE6D22CC6.POST..shop.qr.link (MeishiGawariniApistgshopqrlinkPOSTApiPermissionTestInfraStackstgMeishiGawariniApistgE6D22CC6POSTshopqrlink8C618BE0) 
InfraStack-stg | 153/444 | 3:10:06 | CREATE_COMPLETE      | AWS::Lambda::Permission          | MeishiGawariniApi-stg/Default/receive/sender/update/POST/ApiPermission.Test.InfraStackstgMeishiGawariniApistgE6D22CC6.POST..receive.sender.update (MeishiGawariniApistgreceivesenderupdatePOSTApiPermissionTestInfraStackstgMeishiGawariniApistgE6D22CC6POSTreceivesenderupdateB82D6837) 
InfraStack-stg | 154/444 | 3:10:06 | CREATE_COMPLETE      | AWS::Lambda::Permission          | MeishiGawariniApi-stg/Default/shop/products/update/POST/ApiPermission.Test.InfraStackstgMeishiGawariniApistgE6D22CC6.POST..shop.products.update (MeishiGawariniApistgshopproductsupdatePOSTApiPermissionTestInfraStackstgMeishiGawariniApistgE6D22CC6POSTshopproductsupdateD8029AE8) 
InfraStack-stg | 155/444 | 3:10:06 | CREATE_COMPLETE      | AWS::Lambda::Permission          | MeishiGawariniApi-stg/Default/receive/chat/get/POST/ApiPermission.Test.InfraStackstgMeishiGawariniApistgE6D22CC6.POST..receive.chat.get (MeishiGawariniApistgreceivechatgetPOSTApiPermissionTestInfraStackstgMeishiGawariniApistgE6D22CC6POSTreceivechatget2CF12DFC) 
InfraStack-stg | 156/444 | 3:10:06 | CREATE_COMPLETE      | AWS::ApiGateway::Method          | MeishiGawariniApi-stg/Default/receive/subscription/OPTIONS (MeishiGawariniApistgreceivesubscriptionOPTIONSBDCD17B4) 
InfraStack-stg | 157/444 | 3:10:06 | CREATE_COMPLETE      | AWS::Lambda::Permission          | MeishiGawariniApi-stg/Default/receive/sender/save/POST/ApiPermission.Test.InfraStackstgMeishiGawariniApistgE6D22CC6.POST..receive.sender.save (MeishiGawariniApistgreceivesendersavePOSTApiPermissionTestInfraStackstgMeishiGawariniApistgE6D22CC6POSTreceivesendersave425AB61D) 
InfraStack-stg | 158/444 | 3:10:06 | CREATE_COMPLETE      | AWS::Lambda::Permission          | MeishiGawariniApi-stg/Default/shop/products/create/POST/ApiPermission.Test.InfraStackstgMeishiGawariniApistgE6D22CC6.POST..shop.products.create (MeishiGawariniApistgshopproductscreatePOSTApiPermissionTestInfraStackstgMeishiGawariniApistgE6D22CC6POSTshopproductscreate2CEC3535) 
InfraStack-stg | 159/444 | 3:10:06 | CREATE_COMPLETE      | AWS::Lambda::Permission          | MeishiGawariniApi-stg/Default/shop/products/list/POST/ApiPermission.Test.InfraStackstgMeishiGawariniApistgE6D22CC6.POST..shop.products.list (MeishiGawariniApistgshopproductslistPOSTApiPermissionTestInfraStackstgMeishiGawariniApistgE6D22CC6POSTshopproductslistE196BF4A) 
InfraStack-stg | 160/444 | 3:10:06 | CREATE_COMPLETE      | AWS::Lambda::Permission          | MeishiGawariniApi-stg/Default/receive/chat/send/POST/ApiPermission.Test.InfraStackstgMeishiGawariniApistgE6D22CC6.POST..receive.chat.send (MeishiGawariniApistgreceivechatsendPOSTApiPermissionTestInfraStackstgMeishiGawariniApistgE6D22CC6POSTreceivechatsendA7478427) 
InfraStack-stg | 160/444 | 3:10:07 | CREATE_IN_PROGRESS   | AWS::Logs::LogGroup              | ReceiveApiConstruct/receive_completed/LogGroup (ReceiveApiConstructreceivecompletedLogGroupDE5718BD) 
InfraStack-stg | 160/444 | 3:10:07 | CREATE_IN_PROGRESS   | AWS::Logs::LogGroup              | ReceiveApiConstruct/receive_subscription/LogGroup (ReceiveApiConstructreceivesubscriptionLogGroup76E03287) 
InfraStack-stg | 161/444 | 3:10:07 | CREATE_COMPLETE      | AWS::ApiGateway::Method          | MeishiGawariniApi-stg/Default/receive/sender/OPTIONS (MeishiGawariniApistgreceivesenderOPTIONS3DBE39CB) 
InfraStack-stg | 161/444 | 3:10:07 | CREATE_IN_PROGRESS   | AWS::Lambda::Permission          | MeishiGawariniApi-stg/Default/receive/subscription/POST/ApiPermission.Test.InfraStackstgMeishiGawariniApistgE6D22CC6.POST..receive.subscription (MeishiGawariniApistgreceivesubscriptionPOSTApiPermissionTestInfraStackstgMeishiGawariniApistgE6D22CC6POSTreceivesubscription2CDD7280) 
InfraStack-stg | 161/444 | 3:10:07 | CREATE_IN_PROGRESS   | AWS::Lambda::Permission          | MeishiGawariniApi-stg/Default/receive/completed/POST/ApiPermission.Test.InfraStackstgMeishiGawariniApistgE6D22CC6.POST..receive.completed (MeishiGawariniApistgreceivecompletedPOSTApiPermissionTestInfraStackstgMeishiGawariniApistgE6D22CC6POSTreceivecompletedB3CDD1F8) 
InfraStack-stg | 162/444 | 3:10:07 | CREATE_COMPLETE      | AWS::ApiGateway::Method          | MeishiGawariniApi-stg/Default/receive/verify/POST (MeishiGawariniApistgreceiveverifyPOSTA32EAE24) 
InfraStack-stg | 163/444 | 3:10:07 | CREATE_COMPLETE      | AWS::ApiGateway::Method          | MeishiGawariniApi-stg/Default/receive/uploadurl/get/OPTIONS (MeishiGawariniApistgreceiveuploadurlgetOPTIONSE24E4504) 
InfraStack-stg | 163/444 | 3:10:08 | CREATE_IN_PROGRESS   | AWS::Logs::LogGroup              | ReceiveApiConstruct/receive_subscription/LogGroup (ReceiveApiConstructreceivesubscriptionLogGroup76E03287) Resource creation Initiated
InfraStack-stg | 163/444 | 3:10:08 | CREATE_IN_PROGRESS   | AWS::Logs::LogGroup              | ReceiveApiConstruct/receive_completed/LogGroup (ReceiveApiConstructreceivecompletedLogGroupDE5718BD) Resource creation Initiated
InfraStack-stg | 163/444 | 3:10:08 | CREATE_IN_PROGRESS   | AWS::Lambda::Permission          | MeishiGawariniApi-stg/Default/receive/completed/POST/ApiPermission.Test.InfraStackstgMeishiGawariniApistgE6D22CC6.POST..receive.completed (MeishiGawariniApistgreceivecompletedPOSTApiPermissionTestInfraStackstgMeishiGawariniApistgE6D22CC6POSTreceivecompletedB3CDD1F8) Resource creation Initiated
InfraStack-stg | 163/444 | 3:10:08 | CREATE_IN_PROGRESS   | AWS::Lambda::Permission          | MeishiGawariniApi-stg/Default/receive/subscription/POST/ApiPermission.Test.InfraStackstgMeishiGawariniApistgE6D22CC6.POST..receive.subscription (MeishiGawariniApistgreceivesubscriptionPOSTApiPermissionTestInfraStackstgMeishiGawariniApistgE6D22CC6POSTreceivesubscription2CDD7280) Resource creation Initiated
InfraStack-stg | 164/444 | 3:10:08 | UPDATE_COMPLETE      | AWS::ApiGateway::Authorizer      | ShopApiConstruct/ShopAuthorizer (ShopApiConstructShopAuthorizerBBF9DD5F) 
InfraStack-stg | 165/444 | 3:10:08 | CREATE_COMPLETE      | AWS::Lambda::Permission          | MeishiGawariniApi-stg/Default/receive/completed/POST/ApiPermission.Test.InfraStackstgMeishiGawariniApistgE6D22CC6.POST..receive.completed (MeishiGawariniApistgreceivecompletedPOSTApiPermissionTestInfraStackstgMeishiGawariniApistgE6D22CC6POSTreceivecompletedB3CDD1F8) 
InfraStack-stg | 166/444 | 3:10:08 | CREATE_COMPLETE      | AWS::Lambda::Permission          | MeishiGawariniApi-stg/Default/receive/subscription/POST/ApiPermission.Test.InfraStackstgMeishiGawariniApistgE6D22CC6.POST..receive.subscription (MeishiGawariniApistgreceivesubscriptionPOSTApiPermissionTestInfraStackstgMeishiGawariniApistgE6D22CC6POSTreceivesubscription2CDD7280) 
InfraStack-stg | 166/444 | 3:10:09 | CREATE_IN_PROGRESS   | AWS::ApiGateway::Method          | MeishiGawariniApi-stg/Default/shop/products/list/POST (MeishiGawariniApistgshopproductslistPOST1512B02A) 
InfraStack-stg | 166/444 | 3:10:09 | CREATE_IN_PROGRESS   | AWS::ApiGateway::Method          | MeishiGawariniApi-stg/Default/shop/details/POST (MeishiGawariniApistgshopdetailsPOSTCF4B41E9) 
InfraStack-stg | 166/444 | 3:10:09 | CREATE_IN_PROGRESS   | AWS::ApiGateway::Method          | MeishiGawariniApi-stg/Default/shop/products/update/POST (MeishiGawariniApistgshopproductsupdatePOST8923E98E) 
InfraStack-stg | 166/444 | 3:10:09 | CREATE_IN_PROGRESS   | AWS::ApiGateway::Method          | MeishiGawariniApi-stg/Default/shop/qrcodecheck/POST (MeishiGawariniApistgshopqrcodecheckPOSTAD76A10C) 
InfraStack-stg | 166/444 | 3:10:09 | CREATE_IN_PROGRESS   | AWS::ApiGateway::Method          | MeishiGawariniApi-stg/Default/shop/qr/activate/POST (MeishiGawariniApistgshopqractivatePOSTBB455288) 
InfraStack-stg | 166/444 | 3:10:09 | CREATE_IN_PROGRESS   | AWS::ApiGateway::Method          | MeishiGawariniApi-stg/Default/shop/admins/POST (MeishiGawariniApistgshopadminsPOST7D30A243) 
InfraStack-stg | 166/444 | 3:10:09 | CREATE_IN_PROGRESS   | AWS::ApiGateway::Method          | MeishiGawariniApi-stg/Default/shop/qr/link/POST (MeishiGawariniApistgshopqrlinkPOST0E0AF784) 
InfraStack-stg | 166/444 | 3:10:09 | CREATE_IN_PROGRESS   | AWS::ApiGateway::Method          | MeishiGawariniApi-stg/Default/shop/products/import/execute/POST (MeishiGawariniApistgshopproductsimportexecutePOST6361F0DC) 
InfraStack-stg | 166/444 | 3:10:09 | CREATE_IN_PROGRESS   | AWS::Lambda::Permission          | ShopApiConstruct/ShopAuthorizerFn/InfraStackstgShopApiConstructShopAuthorizerAEA66352:Permissions (ShopApiConstructShopAuthorizerFnInfraStackstgShopApiConstructShopAuthorizerAEA66352Permissions1D59C4B8) 
InfraStack-stg | 166/444 | 3:10:09 | CREATE_IN_PROGRESS   | AWS::ApiGateway::Method          | MeishiGawariniApi-stg/Default/shop/qr/unlink/POST (MeishiGawariniApistgshopqrunlinkPOST989DD2A4) 
InfraStack-stg | 166/444 | 3:10:09 | CREATE_IN_PROGRESS   | AWS::ApiGateway::Method          | MeishiGawariniApi-stg/Default/shop/products/import/list/POST (MeishiGawariniApistgshopproductsimportlistPOST65D4B3E9) 
InfraStack-stg | 166/444 | 3:10:09 | CREATE_IN_PROGRESS   | AWS::ApiGateway::Method          | MeishiGawariniApi-stg/Default/shop/products/create/POST (MeishiGawariniApistgshopproductscreatePOSTAFFF10AC) 
InfraStack-stg | 166/444 | 3:10:09 | CREATE_IN_PROGRESS   | AWS::ApiGateway::Method          | MeishiGawariniApi-stg/Default/shop/list/POST (MeishiGawariniApistgshoplistPOST304C1569) 
InfraStack-stg | 166/444 | 3:10:09 | CREATE_IN_PROGRESS   | AWS::ApiGateway::Method          | MeishiGawariniApi-stg/Default/shop/products/delete/POST (MeishiGawariniApistgshopproductsdeletePOST3B138E69) 
InfraStack-stg | 166/444 | 3:10:09 | CREATE_IN_PROGRESS   | AWS::ApiGateway::Method          | MeishiGawariniApi-stg/Default/shop/qr/list/POST (MeishiGawariniApistgshopqrlistPOSTEF8270A9) 
InfraStack-stg | 166/444 | 3:10:09 | CREATE_IN_PROGRESS   | AWS::ApiGateway::Method          | MeishiGawariniApi-stg/Default/shop/products/uploadurl/POST (MeishiGawariniApistgshopproductsuploadurlPOST4644ECD8) 
InfraStack-stg | 166/444 | 3:10:09 | CREATE_IN_PROGRESS   | AWS::ApiGateway::Method          | MeishiGawariniApi-stg/Default/shop/qr/deactivate/POST (MeishiGawariniApistgshopqrdeactivatePOST1569D187) 
InfraStack-stg | 166/444 | 3:10:09 | CREATE_IN_PROGRESS   | AWS::ApiGateway::Method          | MeishiGawariniApi-stg/Default/shop/orders/list/POST (MeishiGawariniApistgshoporderslistPOST419B2C38) 
InfraStack-stg | 167/444 | 3:10:09 | CREATE_COMPLETE      | AWS::ApiGateway::Method          | MeishiGawariniApi-stg/Default/shop/delete/OPTIONS (MeishiGawariniApistgshopdeleteOPTIONSA5540E90) 
InfraStack-stg | 167/444 | 3:10:09 | CREATE_IN_PROGRESS   | AWS::ApiGateway::Method          | MeishiGawariniApi-stg/Default/shop/orders/update/POST (MeishiGawariniApistgshopordersupdatePOST4C73D401) 
InfraStack-stg | 167/444 | 3:10:09 | CREATE_IN_PROGRESS   | AWS::ApiGateway::Method          | MeishiGawariniApi-stg/Default/shop/create/POST (MeishiGawariniApistgshopcreatePOST6D0BAB1C) 
InfraStack-stg | 167/444 | 3:10:09 | CREATE_IN_PROGRESS   | AWS::ApiGateway::Method          | MeishiGawariniApi-stg/Default/shop/delete/images/POST (MeishiGawariniApistgshopdeleteimagesPOSTDD7E3173) 
InfraStack-stg | 168/444 | 3:10:09 | CREATE_COMPLETE      | AWS::ApiGateway::Method          | MeishiGawariniApi-stg/Default/receive/sender/load/OPTIONS (MeishiGawariniApistgreceivesenderloadOPTIONS2422B741) 
InfraStack-stg | 169/444 | 3:10:10 | CREATE_COMPLETE      | AWS::ApiGateway::Authorizer      | ReceiveApiConstruct/receive_authorizer (ReceiveApiConstructreceiveauthorizer5E5A6AEF) 
InfraStack-stg | 169/444 | 3:10:10 | CREATE_IN_PROGRESS   | AWS::ApiGateway::Method          | MeishiGawariniApi-stg/Default/shop/admins/POST (MeishiGawariniApistgshopadminsPOST7D30A243) Resource creation Initiated
InfraStack-stg | 169/444 | 3:10:10 | CREATE_IN_PROGRESS   | AWS::ApiGateway::Method          | MeishiGawariniApi-stg/Default/shop/products/import/execute/POST (MeishiGawariniApistgshopproductsimportexecutePOST6361F0DC) Resource creation Initiated
InfraStack-stg | 169/444 | 3:10:10 | CREATE_IN_PROGRESS   | AWS::ApiGateway::Method          | MeishiGawariniApi-stg/Default/shop/products/list/POST (MeishiGawariniApistgshopproductslistPOST1512B02A) Resource creation Initiated
InfraStack-stg | 169/444 | 3:10:10 | CREATE_IN_PROGRESS   | AWS::ApiGateway::Method          | MeishiGawariniApi-stg/Default/shop/products/import/list/POST (MeishiGawariniApistgshopproductsimportlistPOST65D4B3E9) Resource creation Initiated
InfraStack-stg | 169/444 | 3:10:10 | CREATE_IN_PROGRESS   | AWS::ApiGateway::Method          | MeishiGawariniApi-stg/Default/shop/details/POST (MeishiGawariniApistgshopdetailsPOSTCF4B41E9) Resource creation Initiated
InfraStack-stg | 169/444 | 3:10:10 | CREATE_IN_PROGRESS   | AWS::ApiGateway::Method          | MeishiGawariniApi-stg/Default/shop/products/uploadurl/POST (MeishiGawariniApistgshopproductsuploadurlPOST4644ECD8) Resource creation Initiated
InfraStack-stg | 169/444 | 3:10:10 | CREATE_IN_PROGRESS   | AWS::ApiGateway::Method          | MeishiGawariniApi-stg/Default/shop/products/delete/POST (MeishiGawariniApistgshopproductsdeletePOST3B138E69) Resource creation Initiated
InfraStack-stg | 169/444 | 3:10:10 | CREATE_IN_PROGRESS   | AWS::ApiGateway::Method          | MeishiGawariniApi-stg/Default/shop/orders/list/POST (MeishiGawariniApistgshoporderslistPOST419B2C38) Resource creation Initiated
InfraStack-stg | 169/444 | 3:10:10 | CREATE_IN_PROGRESS   | AWS::ApiGateway::Method          | MeishiGawariniApi-stg/Default/shop/list/POST (MeishiGawariniApistgshoplistPOST304C1569) Resource creation Initiated
InfraStack-stg | 169/444 | 3:10:10 | CREATE_IN_PROGRESS   | AWS::ApiGateway::Method          | MeishiGawariniApi-stg/Default/shop/qr/link/POST (MeishiGawariniApistgshopqrlinkPOST0E0AF784) Resource creation Initiated
InfraStack-stg | 169/444 | 3:10:10 | CREATE_IN_PROGRESS   | AWS::ApiGateway::Method          | MeishiGawariniApi-stg/Default/shop/qrcodecheck/POST (MeishiGawariniApistgshopqrcodecheckPOSTAD76A10C) Resource creation Initiated
InfraStack-stg | 169/444 | 3:10:10 | CREATE_IN_PROGRESS   | AWS::ApiGateway::Method          | MeishiGawariniApi-stg/Default/shop/qr/activate/POST (MeishiGawariniApistgshopqractivatePOSTBB455288) Resource creation Initiated
InfraStack-stg | 169/444 | 3:10:10 | CREATE_IN_PROGRESS   | AWS::ApiGateway::Method          | MeishiGawariniApi-stg/Default/shop/delete/images/POST (MeishiGawariniApistgshopdeleteimagesPOSTDD7E3173) Resource creation Initiated
InfraStack-stg | 169/444 | 3:10:10 | CREATE_IN_PROGRESS   | AWS::ApiGateway::Method          | MeishiGawariniApi-stg/Default/shop/qr/list/POST (MeishiGawariniApistgshopqrlistPOSTEF8270A9) Resource creation Initiated
InfraStack-stg | 169/444 | 3:10:10 | CREATE_IN_PROGRESS   | AWS::Lambda::Permission          | ShopApiConstruct/ShopAuthorizerFn/InfraStackstgShopApiConstructShopAuthorizerAEA66352:Permissions (ShopApiConstructShopAuthorizerFnInfraStackstgShopApiConstructShopAuthorizerAEA66352Permissions1D59C4B8) Resource creation Initiated
InfraStack-stg | 169/444 | 3:10:10 | CREATE_IN_PROGRESS   | AWS::ApiGateway::Method          | MeishiGawariniApi-stg/Default/shop/qr/deactivate/POST (MeishiGawariniApistgshopqrdeactivatePOST1569D187) Resource creation Initiated
InfraStack-stg | 169/444 | 3:10:10 | CREATE_IN_PROGRESS   | AWS::ApiGateway::Method          | MeishiGawariniApi-stg/Default/shop/qr/unlink/POST (MeishiGawariniApistgshopqrunlinkPOST989DD2A4) Resource creation Initiated
InfraStack-stg | 169/444 | 3:10:10 | CREATE_IN_PROGRESS   | AWS::ApiGateway::Method          | MeishiGawariniApi-stg/Default/shop/create/POST (MeishiGawariniApistgshopcreatePOST6D0BAB1C) Resource creation Initiated
InfraStack-stg | 169/444 | 3:10:10 | CREATE_IN_PROGRESS   | AWS::ApiGateway::Method          | MeishiGawariniApi-stg/Default/receive/completed/POST (MeishiGawariniApistgreceivecompletedPOST3873FDF3) 
InfraStack-stg | 169/444 | 3:10:10 | CREATE_IN_PROGRESS   | AWS::ApiGateway::Method          | MeishiGawariniApi-stg/Default/receive/uploadurl/get/POST (MeishiGawariniApistgreceiveuploadurlgetPOST01FE574B) 
InfraStack-stg | 169/444 | 3:10:10 | CREATE_IN_PROGRESS   | AWS::ApiGateway::Method          | MeishiGawariniApi-stg/Default/receive/submit/POST (MeishiGawariniApistgreceivesubmitPOST59E27BAB) 
InfraStack-stg | 169/444 | 3:10:10 | CREATE_IN_PROGRESS   | AWS::ApiGateway::Method          | MeishiGawariniApi-stg/Default/receive/sender/update/POST (MeishiGawariniApistgreceivesenderupdatePOST2BCE8C2F) 
InfraStack-stg | 169/444 | 3:10:10 | CREATE_IN_PROGRESS   | AWS::ApiGateway::Method          | MeishiGawariniApi-stg/Default/receive/chat/get/POST (MeishiGawariniApistgreceivechatgetPOSTC51EAD54) 
InfraStack-stg | 169/444 | 3:10:10 | CREATE_IN_PROGRESS   | AWS::ApiGateway::Method          | MeishiGawariniApi-stg/Default/receive/sender/save/POST (MeishiGawariniApistgreceivesendersavePOST321F9CC5) 
InfraStack-stg | 169/444 | 3:10:10 | CREATE_IN_PROGRESS   | AWS::ApiGateway::Method          | MeishiGawariniApi-stg/Default/receive/chat/send/POST (MeishiGawariniApistgreceivechatsendPOST50F56CC5) 
InfraStack-stg | 169/444 | 3:10:11 | CREATE_IN_PROGRESS   | AWS::Lambda::Permission          | ReceiveApiConstruct/receive_authorizer_fn/InfraStackstgReceiveApiConstructreceiveauthorizerE9B54D58:Permissions (ReceiveApiConstructreceiveauthorizerfnInfraStackstgReceiveApiConstructreceiveauthorizerE9B54D58Permissions12D66013) 
InfraStack-stg | 169/444 | 3:10:11 | CREATE_IN_PROGRESS   | AWS::ApiGateway::Method          | MeishiGawariniApi-stg/Default/receive/subscription/POST (MeishiGawariniApistgreceivesubscriptionPOST9CF9D6BA) 
InfraStack-stg | 169/444 | 3:10:11 | CREATE_IN_PROGRESS   | AWS::ApiGateway::Method          | MeishiGawariniApi-stg/Default/receive/sender/load/POST (MeishiGawariniApistgreceivesenderloadPOST9441829F) 
InfraStack-stg | 170/444 | 3:10:11 | CREATE_COMPLETE      | AWS::Lambda::Permission          | ShopApiConstruct/ShopAuthorizerFn/InfraStackstgShopApiConstructShopAuthorizerAEA66352:Permissions (ShopApiConstructShopAuthorizerFnInfraStackstgShopApiConstructShopAuthorizerAEA66352Permissions1D59C4B8) 
InfraStack-stg | 170/444 | 3:10:11 | CREATE_IN_PROGRESS   | AWS::ApiGateway::Method          | MeishiGawariniApi-stg/Default/shop/products/create/POST (MeishiGawariniApistgshopproductscreatePOSTAFFF10AC) Resource creation Initiated
InfraStack-stg | 170/444 | 3:10:11 | CREATE_IN_PROGRESS   | AWS::ApiGateway::Method          | MeishiGawariniApi-stg/Default/receive/completed/POST (MeishiGawariniApistgreceivecompletedPOST3873FDF3) Resource creation Initiated
InfraStack-stg | 170/444 | 3:10:11 | CREATE_IN_PROGRESS   | AWS::ApiGateway::Method          | MeishiGawariniApi-stg/Default/receive/chat/send/POST (MeishiGawariniApistgreceivechatsendPOST50F56CC5) Resource creation Initiated
InfraStack-stg | 170/444 | 3:10:11 | CREATE_IN_PROGRESS   | AWS::ApiGateway::Method          | MeishiGawariniApi-stg/Default/shop/orders/update/POST (MeishiGawariniApistgshopordersupdatePOST4C73D401) Resource creation Initiated
InfraStack-stg | 170/444 | 3:10:11 | CREATE_IN_PROGRESS   | AWS::ApiGateway::Method          | MeishiGawariniApi-stg/Default/receive/sender/save/POST (MeishiGawariniApistgreceivesendersavePOST321F9CC5) Resource creation Initiated
InfraStack-stg | 170/444 | 3:10:11 | CREATE_IN_PROGRESS   | AWS::ApiGateway::Method          | MeishiGawariniApi-stg/Default/receive/sender/update/POST (MeishiGawariniApistgreceivesenderupdatePOST2BCE8C2F) Resource creation Initiated
InfraStack-stg | 170/444 | 3:10:11 | CREATE_IN_PROGRESS   | AWS::ApiGateway::Method          | MeishiGawariniApi-stg/Default/receive/uploadurl/get/POST (MeishiGawariniApistgreceiveuploadurlgetPOST01FE574B) Resource creation Initiated
InfraStack-stg | 170/444 | 3:10:11 | CREATE_IN_PROGRESS   | AWS::ApiGateway::Method          | MeishiGawariniApi-stg/Default/receive/subscription/POST (MeishiGawariniApistgreceivesubscriptionPOST9CF9D6BA) Resource creation Initiated
InfraStack-stg | 170/444 | 3:10:12 | CREATE_IN_PROGRESS   | AWS::ApiGateway::Method          | MeishiGawariniApi-stg/Default/receive/sender/load/POST (MeishiGawariniApistgreceivesenderloadPOST9441829F) Resource creation Initiated
InfraStack-stg | 170/444 | 3:10:12 | CREATE_IN_PROGRESS   | AWS::Lambda::Permission          | ReceiveApiConstruct/receive_authorizer_fn/InfraStackstgReceiveApiConstructreceiveauthorizerE9B54D58:Permissions (ReceiveApiConstructreceiveauthorizerfnInfraStackstgReceiveApiConstructreceiveauthorizerE9B54D58Permissions12D66013) Resource creation Initiated
InfraStack-stg | 171/444 | 3:10:12 | CREATE_COMPLETE      | AWS::ApiGateway::Method          | MeishiGawariniApi-stg/Default/shop/orders/list/OPTIONS (MeishiGawariniApistgshoporderslistOPTIONS77673A87) 
InfraStack-stg | 172/444 | 3:10:12 | CREATE_COMPLETE      | AWS::ApiGateway::Method          | MeishiGawariniApi-stg/Default/shop/products/uploadurl/POST (MeishiGawariniApistgshopproductsuploadurlPOST4644ECD8) 
InfraStack-stg | 173/444 | 3:10:12 | CREATE_COMPLETE      | AWS::ApiGateway::Method          | MeishiGawariniApi-stg/Default/shop/products/import/list/POST (MeishiGawariniApistgshopproductsimportlistPOST65D4B3E9) 
InfraStack-stg | 174/444 | 3:10:12 | CREATE_COMPLETE      | AWS::ApiGateway::Method          | MeishiGawariniApi-stg/Default/shop/qr/deactivate/POST (MeishiGawariniApistgshopqrdeactivatePOST1569D187) 
InfraStack-stg | 175/444 | 3:10:12 | CREATE_COMPLETE      | AWS::ApiGateway::Method          | MeishiGawariniApi-stg/Default/shop/qr/unlink/POST (MeishiGawariniApistgshopqrunlinkPOST989DD2A4) 
InfraStack-stg | 176/444 | 3:10:12 | CREATE_COMPLETE      | AWS::Lambda::Permission          | ReceiveApiConstruct/receive_authorizer_fn/InfraStackstgReceiveApiConstructreceiveauthorizerE9B54D58:Permissions (ReceiveApiConstructreceiveauthorizerfnInfraStackstgReceiveApiConstructreceiveauthorizerE9B54D58Permissions12D66013) 
InfraStack-stg | 177/444 | 3:10:13 | CREATE_COMPLETE      | AWS::Logs::LogGroup              | ShopApiConstruct/ShopAuthorizerFn/LogGroup (ShopApiConstructShopAuthorizerFnLogGroup7517D1E0) 
InfraStack-stg | 178/444 | 3:10:13 | CREATE_COMPLETE      | AWS::Logs::LogGroup              | ReceiveApiConstruct/receive_authorizer_fn/LogGroup (ReceiveApiConstructreceiveauthorizerfnLogGroupBB0869D2) 
InfraStack-stg | 179/444 | 3:10:14 | CREATE_COMPLETE      | AWS::Logs::LogGroup              | ShopApiConstruct/shop_products_uploadurl/LogGroup (ShopApiConstructshopproductsuploadurlLogGroupDCD761A8) 
InfraStack-stg | 180/444 | 3:10:14 | CREATE_COMPLETE      | AWS::Logs::LogGroup              | ShopApiConstruct/shop_orders/LogGroup (ShopApiConstructshopordersLogGroupCE753CE3) 
InfraStack-stg | 181/444 | 3:10:14 | CREATE_COMPLETE      | AWS::Logs::LogGroup              | ShopApiConstruct/shop_qr/LogGroup (ShopApiConstructshopqrLogGroup425CD80D) 
InfraStack-stg | 182/444 | 3:10:14 | CREATE_COMPLETE      | AWS::Logs::LogGroup              | ReceiveApiConstruct/receive_submit/LogGroup (ReceiveApiConstructreceivesubmitLogGroup2B5F59FE) 
InfraStack-stg | 183/444 | 3:10:14 | CREATE_COMPLETE      | AWS::Logs::LogGroup              | ShopApiConstruct/shop_create/LogGroup (ShopApiConstructshopcreateLogGroupE74E9D3A) 
InfraStack-stg | 184/444 | 3:10:14 | CREATE_COMPLETE      | AWS::Logs::LogGroup              | ReceiveApiConstruct/receive_upload_url/LogGroup (ReceiveApiConstructreceiveuploadurlLogGroup5B45DBD8) 
InfraStack-stg | 185/444 | 3:10:14 | CREATE_COMPLETE      | AWS::Logs::LogGroup              | ReceiveApiConstruct/receive_verify/LogGroup (ReceiveApiConstructreceiveverifyLogGroup8EA083D7) 
InfraStack-stg | 186/444 | 3:10:14 | CREATE_COMPLETE      | AWS::Logs::LogGroup              | ShopApiConstruct/shop_admins/LogGroup (ShopApiConstructshopadminsLogGroup708092A2) 
InfraStack-stg | 187/444 | 3:10:14 | CREATE_COMPLETE      | AWS::Logs::LogGroup              | ShopApiConstruct/shop_list/LogGroup (ShopApiConstructshoplistLogGroup2B68729D) 
InfraStack-stg | 188/444 | 3:10:14 | CREATE_COMPLETE      | AWS::Logs::LogGroup              | ShopApiConstruct/shop_delete_images/LogGroup (ShopApiConstructshopdeleteimagesLogGroup788C191F) 
InfraStack-stg | 189/444 | 3:10:14 | CREATE_COMPLETE      | AWS::Logs::LogGroup              | ShopApiConstruct/shop_products/LogGroup (ShopApiConstructshopproductsLogGroup500BDBA7) 
InfraStack-stg | 190/444 | 3:10:14 | CREATE_COMPLETE      | AWS::Logs::LogGroup              | ShopApiConstruct/shop_details/LogGroup (ShopApiConstructshopdetailsLogGroupBA830067) 
InfraStack-stg | 191/444 | 3:10:15 | CREATE_COMPLETE      | AWS::Logs::LogGroup              | ReceiveApiConstruct/receive_sender/LogGroup (ReceiveApiConstructreceivesenderLogGroup681FFB71) 
InfraStack-stg | 192/444 | 3:10:15 | CREATE_COMPLETE      | AWS::Logs::LogGroup              | ShopApiConstruct/shop_products_import/LogGroup (ShopApiConstructshopproductsimportLogGroup5A38218C) 
InfraStack-stg | 193/444 | 3:10:15 | CREATE_COMPLETE      | AWS::Logs::LogGroup              | ReceiveApiConstruct/receive_chat/LogGroup (ReceiveApiConstructreceivechatLogGroup55336ED6) 
InfraStack-stg | 194/444 | 3:10:15 | CREATE_COMPLETE      | AWS::ApiGateway::Method          | MeishiGawariniApi-stg/Default/receive/sender/update/POST (MeishiGawariniApistgreceivesenderupdatePOST2BCE8C2F) 
InfraStack-stg | 195/444 | 3:10:15 | CREATE_COMPLETE      | AWS::ApiGateway::Method          | MeishiGawariniApi-stg/Default/shop/orders/list/POST (MeishiGawariniApistgshoporderslistPOST419B2C38) 
InfraStack-stg | 196/444 | 3:10:15 | CREATE_COMPLETE      | AWS::ApiGateway::Method          | MeishiGawariniApi-stg/Default/shop/products/delete/POST (MeishiGawariniApistgshopproductsdeletePOST3B138E69) 
InfraStack-stg | 197/444 | 3:10:16 | CREATE_COMPLETE      | AWS::ApiGateway::Method          | MeishiGawariniApi-stg/Default/shop/details/POST (MeishiGawariniApistgshopdetailsPOSTCF4B41E9) 
InfraStack-stg | 198/444 | 3:10:16 | CREATE_COMPLETE      | AWS::ApiGateway::Method          | MeishiGawariniApi-stg/Default/shop/qrcodecheck/POST (MeishiGawariniApistgshopqrcodecheckPOSTAD76A10C) 
InfraStack-stg | 199/444 | 3:10:17 | CREATE_COMPLETE      | AWS::ApiGateway::Method          | MeishiGawariniApi-stg/Default/shop/qr/link/POST (MeishiGawariniApistgshopqrlinkPOST0E0AF784) 
InfraStack-stg | 200/444 | 3:10:17 | CREATE_COMPLETE      | AWS::Logs::LogGroup              | ReceiveApiConstruct/receive_completed/LogGroup (ReceiveApiConstructreceivecompletedLogGroupDE5718BD) 
InfraStack-stg | 201/444 | 3:10:17 | CREATE_COMPLETE      | AWS::Logs::LogGroup              | ReceiveApiConstruct/receive_subscription/LogGroup (ReceiveApiConstructreceivesubscriptionLogGroup76E03287) 
InfraStack-stg | 202/444 | 3:10:17 | CREATE_COMPLETE      | AWS::ApiGateway::Method          | MeishiGawariniApi-stg/Default/shop/qr/activate/POST (MeishiGawariniApistgshopqractivatePOSTBB455288) 
InfraStack-stg | 203/444 | 3:10:18 | CREATE_COMPLETE      | AWS::ApiGateway::Method          | MeishiGawariniApi-stg/Default/receive/subscription/POST (MeishiGawariniApistgreceivesubscriptionPOST9CF9D6BA) 
InfraStack-stg | 204/444 | 3:10:18 | CREATE_COMPLETE      | AWS::ApiGateway::Method          | MeishiGawariniApi-stg/Default/shop/list/POST (MeishiGawariniApistgshoplistPOST304C1569) 
InfraStack-stg | 205/444 | 3:10:18 | CREATE_COMPLETE      | AWS::ApiGateway::Method          | MeishiGawariniApi-stg/Default/shop/products/create/POST (MeishiGawariniApistgshopproductscreatePOSTAFFF10AC) 
InfraStack-stg | 206/444 | 3:10:18 | CREATE_COMPLETE      | AWS::ApiGateway::Method          | MeishiGawariniApi-stg/Default/shop/orders/update/POST (MeishiGawariniApistgshopordersupdatePOST4C73D401) 
InfraStack-stg | 207/444 | 3:10:18 | CREATE_COMPLETE      | AWS::ApiGateway::Method          | MeishiGawariniApi-stg/Default/receive/uploadurl/get/POST (MeishiGawariniApistgreceiveuploadurlgetPOST01FE574B) 
InfraStack-stg | 208/444 | 3:10:19 | CREATE_COMPLETE      | AWS::ApiGateway::Method          | MeishiGawariniApi-stg/Default/shop/admins/POST (MeishiGawariniApistgshopadminsPOST7D30A243) 
InfraStack-stg | 209/444 | 3:10:19 | CREATE_COMPLETE      | AWS::ApiGateway::Method          | MeishiGawariniApi-stg/Default/receive/sender/load/POST (MeishiGawariniApistgreceivesenderloadPOST9441829F) 
InfraStack-stg | 209/444 | 3:10:19 | CREATE_IN_PROGRESS   | AWS::ApiGateway::Method          | MeishiGawariniApi-stg/Default/receive/chat/get/POST (MeishiGawariniApistgreceivechatgetPOSTC51EAD54) Resource creation Initiated
InfraStack-stg | 209/444 | 3:10:21 | CREATE_IN_PROGRESS   | AWS::ApiGateway::Method          | MeishiGawariniApi-stg/Default/receive/submit/POST (MeishiGawariniApistgreceivesubmitPOST59E27BAB) Resource creation Initiated
InfraStack-stg | 210/444 | 3:10:21 | CREATE_COMPLETE      | AWS::ApiGateway::Method          | MeishiGawariniApi-stg/Default/shop/products/list/POST (MeishiGawariniApistgshopproductslistPOST1512B02A) 
InfraStack-stg | 211/444 | 3:10:21 | CREATE_COMPLETE      | AWS::ApiGateway::Method          | MeishiGawariniApi-stg/Default/receive/chat/send/POST (MeishiGawariniApistgreceivechatsendPOST50F56CC5) 
InfraStack-stg | 212/444 | 3:10:21 | CREATE_COMPLETE      | AWS::ApiGateway::Method          | MeishiGawariniApi-stg/Default/shop/products/import/execute/POST (MeishiGawariniApistgshopproductsimportexecutePOST6361F0DC) 
InfraStack-stg | 213/444 | 3:10:23 | CREATE_COMPLETE      | AWS::ApiGateway::Method          | MeishiGawariniApi-stg/Default/shop/delete/images/POST (MeishiGawariniApistgshopdeleteimagesPOSTDD7E3173) 
InfraStack-stg | 214/444 | 3:10:24 | CREATE_COMPLETE      | AWS::ApiGateway::Method          | MeishiGawariniApi-stg/Default/receive/submit/POST (MeishiGawariniApistgreceivesubmitPOST59E27BAB) 
InfraStack-stg | 215/444 | 3:10:24 | CREATE_COMPLETE      | AWS::ApiGateway::Method          | MeishiGawariniApi-stg/Default/receive/completed/OPTIONS (MeishiGawariniApistgreceivecompletedOPTIONS444379A5) 
InfraStack-stg | 216/444 | 3:10:26 | CREATE_COMPLETE      | AWS::ApiGateway::Method          | MeishiGawariniApi-stg/Default/receive/chat/get/POST (MeishiGawariniApistgreceivechatgetPOSTC51EAD54) 
InfraStack-stg | 217/444 | 3:10:32 | CREATE_COMPLETE      | AWS::ApiGateway::Method          | MeishiGawariniApi-stg/Default/receive/completed/POST (MeishiGawariniApistgreceivecompletedPOST3873FDF3) 
InfraStack-stg | 217/444 | 3:10:32 | CREATE_IN_PROGRESS   | AWS::ApiGateway::Method          | MeishiGawariniApi-stg/Default/shop/products/update/POST (MeishiGawariniApistgshopproductsupdatePOST8923E98E) Resource creation Initiated
InfraStack-stg | 218/444 | 3:10:36 | CREATE_COMPLETE      | AWS::ApiGateway::Method          | MeishiGawariniApi-stg/Default/shop/create/POST (MeishiGawariniApistgshopcreatePOST6D0BAB1C) 
InfraStack-stg | 219/444 | 3:10:36 | CREATE_COMPLETE      | AWS::ApiGateway::Method          | MeishiGawariniApi-stg/Default/receive/sender/save/POST (MeishiGawariniApistgreceivesendersavePOST321F9CC5) 
InfraStack-stg | 220/444 | 3:10:40 | CREATE_COMPLETE      | AWS::ApiGateway::Method          | MeishiGawariniApi-stg/Default/shop/qr/list/POST (MeishiGawariniApistgshopqrlistPOSTEF8270A9) 
InfraStack-stg | 221/444 | 3:10:48 | CREATE_COMPLETE      | AWS::ApiGateway::Method          | MeishiGawariniApi-stg/Default/shop/products/update/POST (MeishiGawariniApistgshopproductsupdatePOST8923E98E) 
InfraStack-stg | 221/444 | 3:10:50 | CREATE_IN_PROGRESS   | AWS::ApiGateway::Deployment      | MeishiGawariniApi-stg/Deployment (MeishiGawariniApistgDeploymentA336D7AD335898b624201e917c282c2c7fc00d8d) 
InfraStack-stg | 221/444 | 3:10:52 | CREATE_IN_PROGRESS   | AWS::ApiGateway::Deployment      | MeishiGawariniApi-stg/Deployment (MeishiGawariniApistgDeploymentA336D7AD335898b624201e917c282c2c7fc00d8d) Resource creation Initiated
InfraStack-stg | 222/444 | 3:10:53 | CREATE_COMPLETE      | AWS::ApiGateway::Deployment      | MeishiGawariniApi-stg/Deployment (MeishiGawariniApistgDeploymentA336D7AD335898b624201e917c282c2c7fc00d8d) 
InfraStack-stg | 222/444 | 3:10:54 | UPDATE_IN_PROGRESS   | AWS::ApiGateway::Stage           | MeishiGawariniApi-stg/DeploymentStage.prod (MeishiGawariniApistgDeploymentStageprod3C22B71D) 
InfraStack-stg | 223/444 | 3:10:56 | UPDATE_COMPLETE      | AWS::ApiGateway::Stage           | MeishiGawariniApi-stg/DeploymentStage.prod (MeishiGawariniApistgDeploymentStageprod3C22B71D) 
InfraStack-stg | 223/444 | 3:10:57 | CREATE_IN_PROGRESS   | AWS::Lambda::Permission          | MeishiGawariniApi-stg/Default/shop/orders/list/POST/ApiPermission.InfraStackstgMeishiGawariniApistgE6D22CC6.POST..shop.orders.list (MeishiGawariniApistgshoporderslistPOSTApiPermissionInfraStackstgMeishiGawariniApistgE6D22CC6POSTshoporderslist8A1DD0F1) 
InfraStack-stg | 223/444 | 3:10:57 | CREATE_IN_PROGRESS   | AWS::Lambda::Permission          | MeishiGawariniApi-stg/Default/shop/products/create/POST/ApiPermission.InfraStackstgMeishiGawariniApistgE6D22CC6.POST..shop.products.create (MeishiGawariniApistgshopproductscreatePOSTApiPermissionInfraStackstgMeishiGawariniApistgE6D22CC6POSTshopproductscreate6C25B418) 
InfraStack-stg | 223/444 | 3:10:57 | CREATE_IN_PROGRESS   | AWS::Lambda::Permission          | MeishiGawariniApi-stg/Default/shop/products/update/POST/ApiPermission.InfraStackstgMeishiGawariniApistgE6D22CC6.POST..shop.products.update (MeishiGawariniApistgshopproductsupdatePOSTApiPermissionInfraStackstgMeishiGawariniApistgE6D22CC6POSTshopproductsupdate9F5A85BE) 
InfraStack-stg | 223/444 | 3:10:57 | CREATE_IN_PROGRESS   | AWS::Lambda::Permission          | MeishiGawariniApi-stg/Default/shop/products/delete/POST/ApiPermission.InfraStackstgMeishiGawariniApistgE6D22CC6.POST..shop.products.delete (MeishiGawariniApistgshopproductsdeletePOSTApiPermissionInfraStackstgMeishiGawariniApistgE6D22CC6POSTshopproductsdeleteC1ECCDE8) 
InfraStack-stg | 223/444 | 3:10:57 | CREATE_IN_PROGRESS   | AWS::Lambda::Permission          | MeishiGawariniApi-stg/Default/shop/products/import/list/POST/ApiPermission.InfraStackstgMeishiGawariniApistgE6D22CC6.POST..shop.products.import.list (MeishiGawariniApistgshopproductsimportlistPOSTApiPermissionInfraStackstgMeishiGawariniApistgE6D22CC6POSTshopproductsimportlistDDD6327B) 
InfraStack-stg | 223/444 | 3:10:57 | CREATE_IN_PROGRESS   | AWS::Lambda::Permission          | MeishiGawariniApi-stg/Default/shop/list/POST/ApiPermission.InfraStackstgMeishiGawariniApistgE6D22CC6.POST..shop.list (MeishiGawariniApistgshoplistPOSTApiPermissionInfraStackstgMeishiGawariniApistgE6D22CC6POSTshoplistFDAF7D84) 
InfraStack-stg | 223/444 | 3:10:57 | CREATE_IN_PROGRESS   | AWS::Lambda::Permission          | MeishiGawariniApi-stg/Default/shop/orders/update/POST/ApiPermission.InfraStackstgMeishiGawariniApistgE6D22CC6.POST..shop.orders.update (MeishiGawariniApistgshopordersupdatePOSTApiPermissionInfraStackstgMeishiGawariniApistgE6D22CC6POSTshopordersupdate0B31D4C2) 
InfraStack-stg | 223/444 | 3:10:57 | CREATE_IN_PROGRESS   | AWS::Lambda::Permission          | MeishiGawariniApi-stg/Default/shop/products/import/execute/POST/ApiPermission.InfraStackstgMeishiGawariniApistgE6D22CC6.POST..shop.products.import.execute (MeishiGawariniApistgshopproductsimportexecutePOSTApiPermissionInfraStackstgMeishiGawariniApistgE6D22CC6POSTshopproductsimportexecute0A89CB8D) 
InfraStack-stg | 223/444 | 3:10:57 | CREATE_IN_PROGRESS   | AWS::Lambda::Permission          | MeishiGawariniApi-stg/Default/receive/sender/update/POST/ApiPermission.InfraStackstgMeishiGawariniApistgE6D22CC6.POST..receive.sender.update (MeishiGawariniApistgreceivesenderupdatePOSTApiPermissionInfraStackstgMeishiGawariniApistgE6D22CC6POSTreceivesenderupdate21BF15B4) 
InfraStack-stg | 223/444 | 3:10:57 | CREATE_IN_PROGRESS   | AWS::Lambda::Permission          | MeishiGawariniApi-stg/Default/receive/sender/load/POST/ApiPermission.InfraStackstgMeishiGawariniApistgE6D22CC6.POST..receive.sender.load (MeishiGawariniApistgreceivesenderloadPOSTApiPermissionInfraStackstgMeishiGawariniApistgE6D22CC6POSTreceivesenderloadBB91FF76) 
InfraStack-stg | 223/444 | 3:10:57 | CREATE_IN_PROGRESS   | AWS::Lambda::Permission          | MeishiGawariniApi-stg/Default/receive/uploadurl/get/POST/ApiPermission.InfraStackstgMeishiGawariniApistgE6D22CC6.POST..receive.uploadurl.get (MeishiGawariniApistgreceiveuploadurlgetPOSTApiPermissionInfraStackstgMeishiGawariniApistgE6D22CC6POSTreceiveuploadurlgetBFFF717B) 
InfraStack-stg | 223/444 | 3:10:57 | CREATE_IN_PROGRESS   | AWS::Lambda::Permission          | MeishiGawariniApi-stg/Default/receive/chat/send/POST/ApiPermission.InfraStackstgMeishiGawariniApistgE6D22CC6.POST..receive.chat.send (MeishiGawariniApistgreceivechatsendPOSTApiPermissionInfraStackstgMeishiGawariniApistgE6D22CC6POSTreceivechatsendB2898E47) 
InfraStack-stg | 223/444 | 3:10:57 | CREATE_IN_PROGRESS   | AWS::Lambda::Permission          | MeishiGawariniApi-stg/Default/shop/qrcodecheck/POST/ApiPermission.InfraStackstgMeishiGawariniApistgE6D22CC6.POST..shop.qrcodecheck (MeishiGawariniApistgshopqrcodecheckPOSTApiPermissionInfraStackstgMeishiGawariniApistgE6D22CC6POSTshopqrcodecheck8033768E) 
InfraStack-stg | 223/444 | 3:10:57 | CREATE_IN_PROGRESS   | AWS::Lambda::Permission          | MeishiGawariniApi-stg/Default/shop/qr/link/POST/ApiPermission.InfraStackstgMeishiGawariniApistgE6D22CC6.POST..shop.qr.link (MeishiGawariniApistgshopqrlinkPOSTApiPermissionInfraStackstgMeishiGawariniApistgE6D22CC6POSTshopqrlinkA3D55C19) 
InfraStack-stg | 223/444 | 3:10:57 | CREATE_IN_PROGRESS   | AWS::Lambda::Permission          | MeishiGawariniApi-stg/Default/receive/submit/POST/ApiPermission.InfraStackstgMeishiGawariniApistgE6D22CC6.POST..receive.submit (MeishiGawariniApistgreceivesubmitPOSTApiPermissionInfraStackstgMeishiGawariniApistgE6D22CC6POSTreceivesubmit61DAB483) 
InfraStack-stg | 223/444 | 3:10:57 | CREATE_IN_PROGRESS   | AWS::Lambda::Permission          | MeishiGawariniApi-stg/Default/shop/qr/list/POST/ApiPermission.InfraStackstgMeishiGawariniApistgE6D22CC6.POST..shop.qr.list (MeishiGawariniApistgshopqrlistPOSTApiPermissionInfraStackstgMeishiGawariniApistgE6D22CC6POSTshopqrlist364A2AEB) 
InfraStack-stg | 223/444 | 3:10:57 | CREATE_IN_PROGRESS   | AWS::Lambda::Permission          | MeishiGawariniApi-stg/Default/shop/products/uploadurl/POST/ApiPermission.InfraStackstgMeishiGawariniApistgE6D22CC6.POST..shop.products.uploadurl (MeishiGawariniApistgshopproductsuploadurlPOSTApiPermissionInfraStackstgMeishiGawariniApistgE6D22CC6POSTshopproductsuploadurl71EFB3D1) 
InfraStack-stg | 223/444 | 3:10:57 | CREATE_IN_PROGRESS   | AWS::Lambda::Permission          | MeishiGawariniApi-stg/Default/shop/delete/images/POST/ApiPermission.InfraStackstgMeishiGawariniApistgE6D22CC6.POST..shop.delete.images (MeishiGawariniApistgshopdeleteimagesPOSTApiPermissionInfraStackstgMeishiGawariniApistgE6D22CC6POSTshopdeleteimages92F0AD52) 
InfraStack-stg | 223/444 | 3:10:57 | CREATE_IN_PROGRESS   | AWS::Lambda::Permission          | MeishiGawariniApi-stg/Default/shop/products/list/POST/ApiPermission.InfraStackstgMeishiGawariniApistgE6D22CC6.POST..shop.products.list (MeishiGawariniApistgshopproductslistPOSTApiPermissionInfraStackstgMeishiGawariniApistgE6D22CC6POSTshopproductslist310829A9) 
InfraStack-stg | 223/444 | 3:10:57 | CREATE_IN_PROGRESS   | AWS::Lambda::Permission          | MeishiGawariniApi-stg/Default/receive/chat/get/POST/ApiPermission.InfraStackstgMeishiGawariniApistgE6D22CC6.POST..receive.chat.get (MeishiGawariniApistgreceivechatgetPOSTApiPermissionInfraStackstgMeishiGawariniApistgE6D22CC6POSTreceivechatget4F7F1BB0) 
InfraStack-stg | 223/444 | 3:10:57 | CREATE_IN_PROGRESS   | AWS::Lambda::Permission          | MeishiGawariniApi-stg/Default/shop/qr/activate/POST/ApiPermission.InfraStackstgMeishiGawariniApistgE6D22CC6.POST..shop.qr.activate (MeishiGawariniApistgshopqractivatePOSTApiPermissionInfraStackstgMeishiGawariniApistgE6D22CC6POSTshopqractivateAC506FD1) 
InfraStack-stg | 223/444 | 3:10:57 | CREATE_IN_PROGRESS   | AWS::Lambda::Permission          | MeishiGawariniApi-stg/Default/shop/create/POST/ApiPermission.InfraStackstgMeishiGawariniApistgE6D22CC6.POST..shop.create (MeishiGawariniApistgshopcreatePOSTApiPermissionInfraStackstgMeishiGawariniApistgE6D22CC6POSTshopcreate91599FEE) 
InfraStack-stg | 223/444 | 3:10:57 | CREATE_IN_PROGRESS   | AWS::Lambda::Permission          | MeishiGawariniApi-stg/Default/shop/admins/POST/ApiPermission.InfraStackstgMeishiGawariniApistgE6D22CC6.POST..shop.admins (MeishiGawariniApistgshopadminsPOSTApiPermissionInfraStackstgMeishiGawariniApistgE6D22CC6POSTshopadmins93E2B20C) 
InfraStack-stg | 223/444 | 3:10:57 | CREATE_IN_PROGRESS   | AWS::Lambda::Permission          | MeishiGawariniApi-stg/Default/shop/qr/unlink/POST/ApiPermission.InfraStackstgMeishiGawariniApistgE6D22CC6.POST..shop.qr.unlink (MeishiGawariniApistgshopqrunlinkPOSTApiPermissionInfraStackstgMeishiGawariniApistgE6D22CC6POSTshopqrunlink4806CF9F) 
InfraStack-stg | 223/444 | 3:10:57 | CREATE_IN_PROGRESS   | AWS::Lambda::Permission          | MeishiGawariniApi-stg/Default/receive/sender/save/POST/ApiPermission.InfraStackstgMeishiGawariniApistgE6D22CC6.POST..receive.sender.save (MeishiGawariniApistgreceivesendersavePOSTApiPermissionInfraStackstgMeishiGawariniApistgE6D22CC6POSTreceivesendersave67FCC98D) 
InfraStack-stg | 223/444 | 3:10:57 | CREATE_IN_PROGRESS   | AWS::Lambda::Permission          | MeishiGawariniApi-stg/Default/receive/verify/POST/ApiPermission.InfraStackstgMeishiGawariniApistgE6D22CC6.POST..receive.verify (MeishiGawariniApistgreceiveverifyPOSTApiPermissionInfraStackstgMeishiGawariniApistgE6D22CC6POSTreceiveverify372525C2) 
InfraStack-stg | 223/444 | 3:10:57 | CREATE_IN_PROGRESS   | AWS::Lambda::Permission          | MeishiGawariniApi-stg/Default/shop/details/POST/ApiPermission.InfraStackstgMeishiGawariniApistgE6D22CC6.POST..shop.details (MeishiGawariniApistgshopdetailsPOSTApiPermissionInfraStackstgMeishiGawariniApistgE6D22CC6POSTshopdetailsE8DDDADE) 
InfraStack-stg | 223/444 | 3:10:57 | CREATE_IN_PROGRESS   | AWS::Lambda::Permission          | MeishiGawariniApi-stg/Default/receive/subscription/POST/ApiPermission.InfraStackstgMeishiGawariniApistgE6D22CC6.POST..receive.subscription (MeishiGawariniApistgreceivesubscriptionPOSTApiPermissionInfraStackstgMeishiGawariniApistgE6D22CC6POSTreceivesubscription3E0A29E0) 
InfraStack-stg | 223/444 | 3:10:57 | CREATE_IN_PROGRESS   | AWS::Lambda::Permission          | MeishiGawariniApi-stg/Default/receive/completed/POST/ApiPermission.InfraStackstgMeishiGawariniApistgE6D22CC6.POST..receive.completed (MeishiGawariniApistgreceivecompletedPOSTApiPermissionInfraStackstgMeishiGawariniApistgE6D22CC6POSTreceivecompleted7AFEC546) 
InfraStack-stg | 223/444 | 3:10:57 | CREATE_IN_PROGRESS   | AWS::Lambda::Permission          | MeishiGawariniApi-stg/Default/shop/qr/deactivate/POST/ApiPermission.InfraStackstgMeishiGawariniApistgE6D22CC6.POST..shop.qr.deactivate (MeishiGawariniApistgshopqrdeactivatePOSTApiPermissionInfraStackstgMeishiGawariniApistgE6D22CC6POSTshopqrdeactivate7718E0C1) 
InfraStack-stg | 223/444 | 3:10:57 | CREATE_IN_PROGRESS   | AWS::Lambda::Permission          | MeishiGawariniApi-stg/Default/shop/orders/list/POST/ApiPermission.InfraStackstgMeishiGawariniApistgE6D22CC6.POST..shop.orders.list (MeishiGawariniApistgshoporderslistPOSTApiPermissionInfraStackstgMeishiGawariniApistgE6D22CC6POSTshoporderslist8A1DD0F1) Resource creation Initiated
InfraStack-stg | 223/444 | 3:10:57 | CREATE_IN_PROGRESS   | AWS::Lambda::Permission          | MeishiGawariniApi-stg/Default/shop/products/update/POST/ApiPermission.InfraStackstgMeishiGawariniApistgE6D22CC6.POST..shop.products.update (MeishiGawariniApistgshopproductsupdatePOSTApiPermissionInfraStackstgMeishiGawariniApistgE6D22CC6POSTshopproductsupdate9F5A85BE) Resource creation Initiated
InfraStack-stg | 223/444 | 3:10:58 | CREATE_IN_PROGRESS   | AWS::Lambda::Permission          | MeishiGawariniApi-stg/Default/shop/admins/POST/ApiPermission.InfraStackstgMeishiGawariniApistgE6D22CC6.POST..shop.admins (MeishiGawariniApistgshopadminsPOSTApiPermissionInfraStackstgMeishiGawariniApistgE6D22CC6POSTshopadmins93E2B20C) Resource creation Initiated
InfraStack-stg | 223/444 | 3:10:58 | CREATE_IN_PROGRESS   | AWS::Lambda::Permission          | MeishiGawariniApi-stg/Default/receive/submit/POST/ApiPermission.InfraStackstgMeishiGawariniApistgE6D22CC6.POST..receive.submit (MeishiGawariniApistgreceivesubmitPOSTApiPermissionInfraStackstgMeishiGawariniApistgE6D22CC6POSTreceivesubmit61DAB483) Resource creation Initiated
InfraStack-stg | 223/444 | 3:10:58 | CREATE_IN_PROGRESS   | AWS::Lambda::Permission          | MeishiGawariniApi-stg/Default/shop/delete/images/POST/ApiPermission.InfraStackstgMeishiGawariniApistgE6D22CC6.POST..shop.delete.images (MeishiGawariniApistgshopdeleteimagesPOSTApiPermissionInfraStackstgMeishiGawariniApistgE6D22CC6POSTshopdeleteimages92F0AD52) Resource creation Initiated
InfraStack-stg | 223/444 | 3:10:58 | CREATE_IN_PROGRESS   | AWS::Lambda::Permission          | MeishiGawariniApi-stg/Default/shop/products/uploadurl/POST/ApiPermission.InfraStackstgMeishiGawariniApistgE6D22CC6.POST..shop.products.uploadurl (MeishiGawariniApistgshopproductsuploadurlPOSTApiPermissionInfraStackstgMeishiGawariniApistgE6D22CC6POSTshopproductsuploadurl71EFB3D1) Resource creation Initiated
InfraStack-stg | 223/444 | 3:10:58 | CREATE_IN_PROGRESS   | AWS::Lambda::Permission          | MeishiGawariniApi-stg/Default/shop/list/POST/ApiPermission.InfraStackstgMeishiGawariniApistgE6D22CC6.POST..shop.list (MeishiGawariniApistgshoplistPOSTApiPermissionInfraStackstgMeishiGawariniApistgE6D22CC6POSTshoplistFDAF7D84) Resource creation Initiated
InfraStack-stg | 223/444 | 3:10:58 | CREATE_IN_PROGRESS   | AWS::Lambda::Permission          | MeishiGawariniApi-stg/Default/shop/products/delete/POST/ApiPermission.InfraStackstgMeishiGawariniApistgE6D22CC6.POST..shop.products.delete (MeishiGawariniApistgshopproductsdeletePOSTApiPermissionInfraStackstgMeishiGawariniApistgE6D22CC6POSTshopproductsdeleteC1ECCDE8) Resource creation Initiated
InfraStack-stg | 223/444 | 3:10:58 | CREATE_IN_PROGRESS   | AWS::Lambda::Permission          | MeishiGawariniApi-stg/Default/receive/chat/get/POST/ApiPermission.InfraStackstgMeishiGawariniApistgE6D22CC6.POST..receive.chat.get (MeishiGawariniApistgreceivechatgetPOSTApiPermissionInfraStackstgMeishiGawariniApistgE6D22CC6POSTreceivechatget4F7F1BB0) Resource creation Initiated
InfraStack-stg | 223/444 | 3:10:58 | CREATE_IN_PROGRESS   | AWS::Lambda::Permission          | MeishiGawariniApi-stg/Default/shop/qr/list/POST/ApiPermission.InfraStackstgMeishiGawariniApistgE6D22CC6.POST..shop.qr.list (MeishiGawariniApistgshopqrlistPOSTApiPermissionInfraStackstgMeishiGawariniApistgE6D22CC6POSTshopqrlist364A2AEB) Resource creation Initiated
InfraStack-stg | 223/444 | 3:10:58 | CREATE_IN_PROGRESS   | AWS::Lambda::Permission          | MeishiGawariniApi-stg/Default/receive/sender/load/POST/ApiPermission.InfraStackstgMeishiGawariniApistgE6D22CC6.POST..receive.sender.load (MeishiGawariniApistgreceivesenderloadPOSTApiPermissionInfraStackstgMeishiGawariniApistgE6D22CC6POSTreceivesenderloadBB91FF76) Resource creation Initiated
InfraStack-stg | 223/444 | 3:10:58 | CREATE_IN_PROGRESS   | AWS::Lambda::Permission          | MeishiGawariniApi-stg/Default/shop/qr/unlink/POST/ApiPermission.InfraStackstgMeishiGawariniApistgE6D22CC6.POST..shop.qr.unlink (MeishiGawariniApistgshopqrunlinkPOSTApiPermissionInfraStackstgMeishiGawariniApistgE6D22CC6POSTshopqrunlink4806CF9F) Resource creation Initiated
InfraStack-stg | 223/444 | 3:10:58 | CREATE_IN_PROGRESS   | AWS::Lambda::Permission          | MeishiGawariniApi-stg/Default/shop/create/POST/ApiPermission.InfraStackstgMeishiGawariniApistgE6D22CC6.POST..shop.create (MeishiGawariniApistgshopcreatePOSTApiPermissionInfraStackstgMeishiGawariniApistgE6D22CC6POSTshopcreate91599FEE) Resource creation Initiated
InfraStack-stg | 223/444 | 3:10:58 | CREATE_IN_PROGRESS   | AWS::Lambda::Permission          | MeishiGawariniApi-stg/Default/shop/orders/update/POST/ApiPermission.InfraStackstgMeishiGawariniApistgE6D22CC6.POST..shop.orders.update (MeishiGawariniApistgshopordersupdatePOSTApiPermissionInfraStackstgMeishiGawariniApistgE6D22CC6POSTshopordersupdate0B31D4C2) Resource creation Initiated
InfraStack-stg | 223/444 | 3:10:58 | CREATE_IN_PROGRESS   | AWS::Lambda::Permission          | MeishiGawariniApi-stg/Default/receive/uploadurl/get/POST/ApiPermission.InfraStackstgMeishiGawariniApistgE6D22CC6.POST..receive.uploadurl.get (MeishiGawariniApistgreceiveuploadurlgetPOSTApiPermissionInfraStackstgMeishiGawariniApistgE6D22CC6POSTreceiveuploadurlgetBFFF717B) Resource creation Initiated
InfraStack-stg | 223/444 | 3:10:58 | CREATE_IN_PROGRESS   | AWS::Lambda::Permission          | MeishiGawariniApi-stg/Default/shop/products/import/list/POST/ApiPermission.InfraStackstgMeishiGawariniApistgE6D22CC6.POST..shop.products.import.list (MeishiGawariniApistgshopproductsimportlistPOSTApiPermissionInfraStackstgMeishiGawariniApistgE6D22CC6POSTshopproductsimportlistDDD6327B) Resource creation Initiated
InfraStack-stg | 223/444 | 3:10:58 | CREATE_IN_PROGRESS   | AWS::Lambda::Permission          | MeishiGawariniApi-stg/Default/shop/products/create/POST/ApiPermission.InfraStackstgMeishiGawariniApistgE6D22CC6.POST..shop.products.create (MeishiGawariniApistgshopproductscreatePOSTApiPermissionInfraStackstgMeishiGawariniApistgE6D22CC6POSTshopproductscreate6C25B418) Resource creation Initiated
InfraStack-stg | 223/444 | 3:10:58 | CREATE_IN_PROGRESS   | AWS::Lambda::Permission          | MeishiGawariniApi-stg/Default/shop/details/POST/ApiPermission.InfraStackstgMeishiGawariniApistgE6D22CC6.POST..shop.details (MeishiGawariniApistgshopdetailsPOSTApiPermissionInfraStackstgMeishiGawariniApistgE6D22CC6POSTshopdetailsE8DDDADE) Resource creation Initiated
InfraStack-stg | 223/444 | 3:10:58 | CREATE_IN_PROGRESS   | AWS::Lambda::Permission          | MeishiGawariniApi-stg/Default/receive/sender/update/POST/ApiPermission.InfraStackstgMeishiGawariniApistgE6D22CC6.POST..receive.sender.update (MeishiGawariniApistgreceivesenderupdatePOSTApiPermissionInfraStackstgMeishiGawariniApistgE6D22CC6POSTreceivesenderupdate21BF15B4) Resource creation Initiated
InfraStack-stg | 223/444 | 3:10:58 | CREATE_IN_PROGRESS   | AWS::Lambda::Permission          | MeishiGawariniApi-stg/Default/receive/verify/POST/ApiPermission.InfraStackstgMeishiGawariniApistgE6D22CC6.POST..receive.verify (MeishiGawariniApistgreceiveverifyPOSTApiPermissionInfraStackstgMeishiGawariniApistgE6D22CC6POSTreceiveverify372525C2) Resource creation Initiated
InfraStack-stg | 223/444 | 3:10:58 | CREATE_IN_PROGRESS   | AWS::Lambda::Permission          | MeishiGawariniApi-stg/Default/shop/products/import/execute/POST/ApiPermission.InfraStackstgMeishiGawariniApistgE6D22CC6.POST..shop.products.import.execute (MeishiGawariniApistgshopproductsimportexecutePOSTApiPermissionInfraStackstgMeishiGawariniApistgE6D22CC6POSTshopproductsimportexecute0A89CB8D) Resource creation Initiated
InfraStack-stg | 223/444 | 3:10:58 | CREATE_IN_PROGRESS   | AWS::Lambda::Permission          | MeishiGawariniApi-stg/Default/shop/products/list/POST/ApiPermission.InfraStackstgMeishiGawariniApistgE6D22CC6.POST..shop.products.list (MeishiGawariniApistgshopproductslistPOSTApiPermissionInfraStackstgMeishiGawariniApistgE6D22CC6POSTshopproductslist310829A9) Resource creation Initiated
InfraStack-stg | 223/444 | 3:10:58 | CREATE_IN_PROGRESS   | AWS::Lambda::Permission          | MeishiGawariniApi-stg/Default/shop/qrcodecheck/POST/ApiPermission.InfraStackstgMeishiGawariniApistgE6D22CC6.POST..shop.qrcodecheck (MeishiGawariniApistgshopqrcodecheckPOSTApiPermissionInfraStackstgMeishiGawariniApistgE6D22CC6POSTshopqrcodecheck8033768E) Resource creation Initiated
InfraStack-stg | 223/444 | 3:10:58 | CREATE_IN_PROGRESS   | AWS::Lambda::Permission          | MeishiGawariniApi-stg/Default/receive/subscription/POST/ApiPermission.InfraStackstgMeishiGawariniApistgE6D22CC6.POST..receive.subscription (MeishiGawariniApistgreceivesubscriptionPOSTApiPermissionInfraStackstgMeishiGawariniApistgE6D22CC6POSTreceivesubscription3E0A29E0) Resource creation Initiated
InfraStack-stg | 223/444 | 3:10:58 | CREATE_IN_PROGRESS   | AWS::Lambda::Permission          | MeishiGawariniApi-stg/Default/receive/completed/POST/ApiPermission.InfraStackstgMeishiGawariniApistgE6D22CC6.POST..receive.completed (MeishiGawariniApistgreceivecompletedPOSTApiPermissionInfraStackstgMeishiGawariniApistgE6D22CC6POSTreceivecompleted7AFEC546) Resource creation Initiated
InfraStack-stg | 223/444 | 3:10:58 | CREATE_IN_PROGRESS   | AWS::Lambda::Permission          | MeishiGawariniApi-stg/Default/receive/chat/send/POST/ApiPermission.InfraStackstgMeishiGawariniApistgE6D22CC6.POST..receive.chat.send (MeishiGawariniApistgreceivechatsendPOSTApiPermissionInfraStackstgMeishiGawariniApistgE6D22CC6POSTreceivechatsendB2898E47) Resource creation Initiated
InfraStack-stg | 223/444 | 3:10:58 | CREATE_IN_PROGRESS   | AWS::Lambda::Permission          | MeishiGawariniApi-stg/Default/shop/qr/link/POST/ApiPermission.InfraStackstgMeishiGawariniApistgE6D22CC6.POST..shop.qr.link (MeishiGawariniApistgshopqrlinkPOSTApiPermissionInfraStackstgMeishiGawariniApistgE6D22CC6POSTshopqrlinkA3D55C19) Resource creation Initiated
InfraStack-stg | 223/444 | 3:10:58 | CREATE_IN_PROGRESS   | AWS::Lambda::Permission          | MeishiGawariniApi-stg/Default/receive/sender/save/POST/ApiPermission.InfraStackstgMeishiGawariniApistgE6D22CC6.POST..receive.sender.save (MeishiGawariniApistgreceivesendersavePOSTApiPermissionInfraStackstgMeishiGawariniApistgE6D22CC6POSTreceivesendersave67FCC98D) Resource creation Initiated
InfraStack-stg | 224/444 | 3:10:58 | CREATE_COMPLETE      | AWS::Lambda::Permission          | MeishiGawariniApi-stg/Default/shop/products/update/POST/ApiPermission.InfraStackstgMeishiGawariniApistgE6D22CC6.POST..shop.products.update (MeishiGawariniApistgshopproductsupdatePOSTApiPermissionInfraStackstgMeishiGawariniApistgE6D22CC6POSTshopproductsupdate9F5A85BE) 
InfraStack-stg | 225/444 | 3:10:58 | CREATE_COMPLETE      | AWS::Lambda::Permission          | MeishiGawariniApi-stg/Default/shop/orders/list/POST/ApiPermission.InfraStackstgMeishiGawariniApistgE6D22CC6.POST..shop.orders.list (MeishiGawariniApistgshoporderslistPOSTApiPermissionInfraStackstgMeishiGawariniApistgE6D22CC6POSTshoporderslist8A1DD0F1) 
InfraStack-stg | 226/444 | 3:10:58 | CREATE_COMPLETE      | AWS::Lambda::Permission          | MeishiGawariniApi-stg/Default/shop/delete/images/POST/ApiPermission.InfraStackstgMeishiGawariniApistgE6D22CC6.POST..shop.delete.images (MeishiGawariniApistgshopdeleteimagesPOSTApiPermissionInfraStackstgMeishiGawariniApistgE6D22CC6POSTshopdeleteimages92F0AD52) 
InfraStack-stg | 226/444 | 3:10:58 | CREATE_IN_PROGRESS   | AWS::Lambda::Permission          | MeishiGawariniApi-stg/Default/shop/qr/deactivate/POST/ApiPermission.InfraStackstgMeishiGawariniApistgE6D22CC6.POST..shop.qr.deactivate (MeishiGawariniApistgshopqrdeactivatePOSTApiPermissionInfraStackstgMeishiGawariniApistgE6D22CC6POSTshopqrdeactivate7718E0C1) Resource creation Initiated
InfraStack-stg | 227/444 | 3:10:58 | CREATE_COMPLETE      | AWS::Lambda::Permission          | MeishiGawariniApi-stg/Default/shop/admins/POST/ApiPermission.InfraStackstgMeishiGawariniApistgE6D22CC6.POST..shop.admins (MeishiGawariniApistgshopadminsPOSTApiPermissionInfraStackstgMeishiGawariniApistgE6D22CC6POSTshopadmins93E2B20C) 
InfraStack-stg | 228/444 | 3:10:58 | CREATE_COMPLETE      | AWS::Lambda::Permission          | MeishiGawariniApi-stg/Default/receive/submit/POST/ApiPermission.InfraStackstgMeishiGawariniApistgE6D22CC6.POST..receive.submit (MeishiGawariniApistgreceivesubmitPOSTApiPermissionInfraStackstgMeishiGawariniApistgE6D22CC6POSTreceivesubmit61DAB483) 
InfraStack-stg | 229/444 | 3:10:58 | CREATE_COMPLETE      | AWS::Lambda::Permission          | MeishiGawariniApi-stg/Default/receive/chat/get/POST/ApiPermission.InfraStackstgMeishiGawariniApistgE6D22CC6.POST..receive.chat.get (MeishiGawariniApistgreceivechatgetPOSTApiPermissionInfraStackstgMeishiGawariniApistgE6D22CC6POSTreceivechatget4F7F1BB0) 
InfraStack-stg | 230/444 | 3:10:58 | CREATE_COMPLETE      | AWS::Lambda::Permission          | MeishiGawariniApi-stg/Default/receive/sender/load/POST/ApiPermission.InfraStackstgMeishiGawariniApistgE6D22CC6.POST..receive.sender.load (MeishiGawariniApistgreceivesenderloadPOSTApiPermissionInfraStackstgMeishiGawariniApistgE6D22CC6POSTreceivesenderloadBB91FF76) 
InfraStack-stg | 231/444 | 3:10:58 | CREATE_COMPLETE      | AWS::Lambda::Permission          | MeishiGawariniApi-stg/Default/shop/products/delete/POST/ApiPermission.InfraStackstgMeishiGawariniApistgE6D22CC6.POST..shop.products.delete (MeishiGawariniApistgshopproductsdeletePOSTApiPermissionInfraStackstgMeishiGawariniApistgE6D22CC6POSTshopproductsdeleteC1ECCDE8) 
InfraStack-stg | 232/444 | 3:10:58 | CREATE_COMPLETE      | AWS::Lambda::Permission          | MeishiGawariniApi-stg/Default/shop/products/uploadurl/POST/ApiPermission.InfraStackstgMeishiGawariniApistgE6D22CC6.POST..shop.products.uploadurl (MeishiGawariniApistgshopproductsuploadurlPOSTApiPermissionInfraStackstgMeishiGawariniApistgE6D22CC6POSTshopproductsuploadurl71EFB3D1) 
InfraStack-stg | 233/444 | 3:10:58 | CREATE_COMPLETE      | AWS::Lambda::Permission          | MeishiGawariniApi-stg/Default/shop/list/POST/ApiPermission.InfraStackstgMeishiGawariniApistgE6D22CC6.POST..shop.list (MeishiGawariniApistgshoplistPOSTApiPermissionInfraStackstgMeishiGawariniApistgE6D22CC6POSTshoplistFDAF7D84) 
InfraStack-stg | 234/444 | 3:10:58 | CREATE_COMPLETE      | AWS::Lambda::Permission          | MeishiGawariniApi-stg/Default/shop/create/POST/ApiPermission.InfraStackstgMeishiGawariniApistgE6D22CC6.POST..shop.create (MeishiGawariniApistgshopcreatePOSTApiPermissionInfraStackstgMeishiGawariniApistgE6D22CC6POSTshopcreate91599FEE) 
InfraStack-stg | 235/444 | 3:10:58 | CREATE_COMPLETE      | AWS::Lambda::Permission          | MeishiGawariniApi-stg/Default/shop/orders/update/POST/ApiPermission.InfraStackstgMeishiGawariniApistgE6D22CC6.POST..shop.orders.update (MeishiGawariniApistgshopordersupdatePOSTApiPermissionInfraStackstgMeishiGawariniApistgE6D22CC6POSTshopordersupdate0B31D4C2) 
InfraStack-stg | 236/444 | 3:10:58 | CREATE_COMPLETE      | AWS::Lambda::Permission          | MeishiGawariniApi-stg/Default/shop/qr/list/POST/ApiPermission.InfraStackstgMeishiGawariniApistgE6D22CC6.POST..shop.qr.list (MeishiGawariniApistgshopqrlistPOSTApiPermissionInfraStackstgMeishiGawariniApistgE6D22CC6POSTshopqrlist364A2AEB) 
InfraStack-stg | 237/444 | 3:10:58 | CREATE_COMPLETE      | AWS::Lambda::Permission          | MeishiGawariniApi-stg/Default/shop/products/import/list/POST/ApiPermission.InfraStackstgMeishiGawariniApistgE6D22CC6.POST..shop.products.import.list (MeishiGawariniApistgshopproductsimportlistPOSTApiPermissionInfraStackstgMeishiGawariniApistgE6D22CC6POSTshopproductsimportlistDDD6327B) 
InfraStack-stg | 238/444 | 3:10:58 | CREATE_COMPLETE      | AWS::Lambda::Permission          | MeishiGawariniApi-stg/Default/shop/qr/unlink/POST/ApiPermission.InfraStackstgMeishiGawariniApistgE6D22CC6.POST..shop.qr.unlink (MeishiGawariniApistgshopqrunlinkPOSTApiPermissionInfraStackstgMeishiGawariniApistgE6D22CC6POSTshopqrunlink4806CF9F) 
InfraStack-stg | 239/444 | 3:10:58 | CREATE_COMPLETE      | AWS::Lambda::Permission          | MeishiGawariniApi-stg/Default/receive/sender/update/POST/ApiPermission.InfraStackstgMeishiGawariniApistgE6D22CC6.POST..receive.sender.update (MeishiGawariniApistgreceivesenderupdatePOSTApiPermissionInfraStackstgMeishiGawariniApistgE6D22CC6POSTreceivesenderupdate21BF15B4) 
InfraStack-stg | 240/444 | 3:10:58 | CREATE_COMPLETE      | AWS::Lambda::Permission          | MeishiGawariniApi-stg/Default/receive/verify/POST/ApiPermission.InfraStackstgMeishiGawariniApistgE6D22CC6.POST..receive.verify (MeishiGawariniApistgreceiveverifyPOSTApiPermissionInfraStackstgMeishiGawariniApistgE6D22CC6POSTreceiveverify372525C2) 
InfraStack-stg | 241/444 | 3:10:58 | CREATE_COMPLETE      | AWS::Lambda::Permission          | MeishiGawariniApi-stg/Default/receive/subscription/POST/ApiPermission.InfraStackstgMeishiGawariniApistgE6D22CC6.POST..receive.subscription (MeishiGawariniApistgreceivesubscriptionPOSTApiPermissionInfraStackstgMeishiGawariniApistgE6D22CC6POSTreceivesubscription3E0A29E0) 
InfraStack-stg | 242/444 | 3:10:58 | CREATE_COMPLETE      | AWS::Lambda::Permission          | MeishiGawariniApi-stg/Default/shop/products/create/POST/ApiPermission.InfraStackstgMeishiGawariniApistgE6D22CC6.POST..shop.products.create (MeishiGawariniApistgshopproductscreatePOSTApiPermissionInfraStackstgMeishiGawariniApistgE6D22CC6POSTshopproductscreate6C25B418) 
InfraStack-stg | 242/444 | 3:10:58 | CREATE_IN_PROGRESS   | AWS::Lambda::Permission          | MeishiGawariniApi-stg/Default/shop/qr/activate/POST/ApiPermission.InfraStackstgMeishiGawariniApistgE6D22CC6.POST..shop.qr.activate (MeishiGawariniApistgshopqractivatePOSTApiPermissionInfraStackstgMeishiGawariniApistgE6D22CC6POSTshopqractivateAC506FD1) Resource creation Initiated
InfraStack-stg | 243/444 | 3:10:58 | CREATE_COMPLETE      | AWS::Lambda::Permission          | MeishiGawariniApi-stg/Default/receive/uploadurl/get/POST/ApiPermission.InfraStackstgMeishiGawariniApistgE6D22CC6.POST..receive.uploadurl.get (MeishiGawariniApistgreceiveuploadurlgetPOSTApiPermissionInfraStackstgMeishiGawariniApistgE6D22CC6POSTreceiveuploadurlgetBFFF717B) 
InfraStack-stg | 244/444 | 3:10:58 | CREATE_COMPLETE      | AWS::Lambda::Permission          | MeishiGawariniApi-stg/Default/shop/products/list/POST/ApiPermission.InfraStackstgMeishiGawariniApistgE6D22CC6.POST..shop.products.list (MeishiGawariniApistgshopproductslistPOSTApiPermissionInfraStackstgMeishiGawariniApistgE6D22CC6POSTshopproductslist310829A9) 
InfraStack-stg | 245/444 | 3:10:58 | CREATE_COMPLETE      | AWS::Lambda::Permission          | MeishiGawariniApi-stg/Default/receive/completed/POST/ApiPermission.InfraStackstgMeishiGawariniApistgE6D22CC6.POST..receive.completed (MeishiGawariniApistgreceivecompletedPOSTApiPermissionInfraStackstgMeishiGawariniApistgE6D22CC6POSTreceivecompleted7AFEC546) 
InfraStack-stg | 246/444 | 3:10:58 | CREATE_COMPLETE      | AWS::Lambda::Permission          | MeishiGawariniApi-stg/Default/shop/products/import/execute/POST/ApiPermission.InfraStackstgMeishiGawariniApistgE6D22CC6.POST..shop.products.import.execute (MeishiGawariniApistgshopproductsimportexecutePOSTApiPermissionInfraStackstgMeishiGawariniApistgE6D22CC6POSTshopproductsimportexecute0A89CB8D) 
InfraStack-stg | 247/444 | 3:10:58 | CREATE_COMPLETE      | AWS::Lambda::Permission          | MeishiGawariniApi-stg/Default/shop/qrcodecheck/POST/ApiPermission.InfraStackstgMeishiGawariniApistgE6D22CC6.POST..shop.qrcodecheck (MeishiGawariniApistgshopqrcodecheckPOSTApiPermissionInfraStackstgMeishiGawariniApistgE6D22CC6POSTshopqrcodecheck8033768E) 
InfraStack-stg | 248/444 | 3:10:58 | CREATE_COMPLETE      | AWS::Lambda::Permission          | MeishiGawariniApi-stg/Default/shop/details/POST/ApiPermission.InfraStackstgMeishiGawariniApistgE6D22CC6.POST..shop.details (MeishiGawariniApistgshopdetailsPOSTApiPermissionInfraStackstgMeishiGawariniApistgE6D22CC6POSTshopdetailsE8DDDADE) 
InfraStack-stg | 249/444 | 3:10:58 | CREATE_COMPLETE      | AWS::Lambda::Permission          | MeishiGawariniApi-stg/Default/receive/chat/send/POST/ApiPermission.InfraStackstgMeishiGawariniApistgE6D22CC6.POST..receive.chat.send (MeishiGawariniApistgreceivechatsendPOSTApiPermissionInfraStackstgMeishiGawariniApistgE6D22CC6POSTreceivechatsendB2898E47) 
InfraStack-stg | 250/444 | 3:10:58 | CREATE_COMPLETE      | AWS::Lambda::Permission          | MeishiGawariniApi-stg/Default/receive/sender/save/POST/ApiPermission.InfraStackstgMeishiGawariniApistgE6D22CC6.POST..receive.sender.save (MeishiGawariniApistgreceivesendersavePOSTApiPermissionInfraStackstgMeishiGawariniApistgE6D22CC6POSTreceivesendersave67FCC98D) 
InfraStack-stg | 251/444 | 3:10:58 | CREATE_COMPLETE      | AWS::Lambda::Permission          | MeishiGawariniApi-stg/Default/shop/qr/link/POST/ApiPermission.InfraStackstgMeishiGawariniApistgE6D22CC6.POST..shop.qr.link (MeishiGawariniApistgshopqrlinkPOSTApiPermissionInfraStackstgMeishiGawariniApistgE6D22CC6POSTshopqrlinkA3D55C19) 
InfraStack-stg | 252/444 | 3:10:59 | CREATE_COMPLETE      | AWS::Lambda::Permission          | MeishiGawariniApi-stg/Default/shop/qr/deactivate/POST/ApiPermission.InfraStackstgMeishiGawariniApistgE6D22CC6.POST..shop.qr.deactivate (MeishiGawariniApistgshopqrdeactivatePOSTApiPermissionInfraStackstgMeishiGawariniApistgE6D22CC6POSTshopqrdeactivate7718E0C1) 
InfraStack-stg | 253/444 | 3:10:59 | CREATE_COMPLETE      | AWS::Lambda::Permission          | MeishiGawariniApi-stg/Default/shop/qr/activate/POST/ApiPermission.InfraStackstgMeishiGawariniApistgE6D22CC6.POST..shop.qr.activate (MeishiGawariniApistgshopqractivatePOSTApiPermissionInfraStackstgMeishiGawariniApistgE6D22CC6POSTshopqractivateAC506FD1) 
InfraStack-stg | 254/444 | 3:11:03 | UPDATE_COMPLETE_CLEA | AWS::CloudFormation::Stack       | InfraStack-stg 
InfraStack-stg | 254/444 | 3:11:04 | DELETE_IN_PROGRESS   | AWS::Lambda::Permission          | MeishiGawariniApistgshopshopIdproductsproductIdDELETEApiPermissionTestInfraStackstgMeishiGawariniApistgE6D22CC6DELETEshopshopIdproductsproductId07644C64 
InfraStack-stg | 254/444 | 3:11:04 | DELETE_IN_PROGRESS   | AWS::Lambda::Permission          | MeishiGawariniApistgshopshopIdlinkPOSTApiPermissionInfraStackstgMeishiGawariniApistgE6D22CC6POSTshopshopIdlink1E87B6F5 
InfraStack-stg | 254/444 | 3:11:04 | DELETE_IN_PROGRESS   | AWS::Lambda::Permission          | MeishiGawariniApistgrecipientqrcodesverifyPOSTApiPermissionInfraStackstgMeishiGawariniApistgE6D22CC6POSTrecipientqrcodesverify5F62B1EB 
InfraStack-stg | 254/444 | 3:11:04 | DELETE_IN_PROGRESS   | AWS::Lambda::Permission          | MeishiGawariniApistgshopPOSTApiPermissionInfraStackstgMeishiGawariniApistgE6D22CC6POSTshopECDA48B4 
InfraStack-stg | 254/444 | 3:11:04 | DELETE_IN_PROGRESS   | AWS::Lambda::Permission          | MeishiGawariniApistgshopshopIdordersGETApiPermissionInfraStackstgMeishiGawariniApistgE6D22CC6GETshopshopIdorders5C37C654 
InfraStack-stg | 254/444 | 3:11:04 | DELETE_IN_PROGRESS   | AWS::Lambda::Permission          | MeishiGawariniApistgshopshopIdqrcodesGETApiPermissionTestInfraStackstgMeishiGawariniApistgE6D22CC6GETshopshopIdqrcodesC2189518 
InfraStack-stg | 254/444 | 3:11:04 | DELETE_IN_PROGRESS   | AWS::Lambda::Permission          | MeishiGawariniApistgshopshopIdqrcodesGETApiPermissionInfraStackstgMeishiGawariniApistgE6D22CC6GETshopshopIdqrcodes52FECD00 
InfraStack-stg | 254/444 | 3:11:04 | DELETE_IN_PROGRESS   | AWS::Lambda::Permission          | MeishiGawariniApistgrecipientqrcodesuuidchatGETApiPermissionTestInfraStackstgMeishiGawariniApistgE6D22CC6GETrecipientqrcodesuuidchat44B0700E 
InfraStack-stg | 254/444 | 3:11:04 | DELETE_IN_PROGRESS   | AWS::Lambda::Permission          | MeishiGawariniApistgshopshopIdproductsimportPOSTApiPermissionTestInfraStackstgMeishiGawariniApistgE6D22CC6POSTshopshopIdproductsimportC3D049F0 
InfraStack-stg | 254/444 | 3:11:04 | DELETE_IN_PROGRESS   | AWS::Lambda::Permission          | MeishiGawariniApistgshopshopIdproductsPOSTApiPermissionInfraStackstgMeishiGawariniApistgE6D22CC6POSTshopshopIdproducts38BC9BFE 
InfraStack-stg | 254/444 | 3:11:04 | DELETE_IN_PROGRESS   | AWS::Lambda::Permission          | MeishiGawariniApistgshopshopIdproductsimportGETApiPermissionInfraStackstgMeishiGawariniApistgE6D22CC6GETshopshopIdproductsimport185F22D3 
InfraStack-stg | 254/444 | 3:11:04 | DELETE_IN_PROGRESS   | AWS::Lambda::Permission          | MeishiGawariniApistgrecipientsubmitPOSTApiPermissionTestInfraStackstgMeishiGawariniApistgE6D22CC6POSTrecipientsubmit808573DA 
InfraStack-stg | 254/444 | 3:11:04 | DELETE_IN_PROGRESS   | AWS::Lambda::Permission          | MeishiGawariniApistgshopshopIdqrcodecheckPOSTApiPermissionTestInfraStackstgMeishiGawariniApistgE6D22CC6POSTshopshopIdqrcodecheck17ADB34F 
InfraStack-stg | 254/444 | 3:11:04 | DELETE_IN_PROGRESS   | AWS::Lambda::Permission          | MeishiGawariniApistgrecipientqrcodesuuidchatPOSTApiPermissionTestInfraStackstgMeishiGawariniApistgE6D22CC6POSTrecipientqrcodesuuidchat1EE58C5C 
InfraStack-stg | 254/444 | 3:11:04 | DELETE_IN_PROGRESS   | AWS::Lambda::Permission          | MeishiGawariniApistgshopshopIdPATCHApiPermissionInfraStackstgMeishiGawariniApistgE6D22CC6PATCHshopshopIdE3FD8C6A 
InfraStack-stg | 254/444 | 3:11:04 | DELETE_IN_PROGRESS   | AWS::Lambda::Permission          | MeishiGawariniApistgshopshopIdproductsGETApiPermissionTestInfraStackstgMeishiGawariniApistgE6D22CC6GETshopshopIdproductsC74A97F0 
InfraStack-stg | 254/444 | 3:11:04 | DELETE_IN_PROGRESS   | AWS::Lambda::Permission          | MeishiGawariniApistgshopGETApiPermissionInfraStackstgMeishiGawariniApistgE6D22CC6GETshop727E6CBF 
InfraStack-stg | 254/444 | 3:11:04 | DELETE_IN_PROGRESS   | AWS::Lambda::Permission          | MeishiGawariniApistgshopshopIdadminsPOSTApiPermissionInfraStackstgMeishiGawariniApistgE6D22CC6POSTshopshopIdadmins398A0177 
InfraStack-stg | 254/444 | 3:11:04 | DELETE_IN_PROGRESS   | AWS::Lambda::Permission          | MeishiGawariniApistgshopshopIdGETApiPermissionTestInfraStackstgMeishiGawariniApistgE6D22CC6GETshopshopIdD1562BEF 
InfraStack-stg | 254/444 | 3:11:04 | DELETE_IN_PROGRESS   | AWS::Lambda::Permission          | MeishiGawariniApistgshopshopIdproductsproductIdPATCHApiPermissionInfraStackstgMeishiGawariniApistgE6D22CC6PATCHshopshopIdproductsproductId8584A887 
InfraStack-stg | 254/444 | 3:11:04 | DELETE_IN_PROGRESS   | AWS::Lambda::Permission          | MeishiGawariniApistgshopshopIdproductsPOSTApiPermissionTestInfraStackstgMeishiGawariniApistgE6D22CC6POSTshopshopIdproductsD42FA8B8 
InfraStack-stg | 254/444 | 3:11:04 | DELETE_IN_PROGRESS   | AWS::Lambda::Permission          | MeishiGawariniApistgshopshopIdordersGETApiPermissionTestInfraStackstgMeishiGawariniApistgE6D22CC6GETshopshopIdordersC6D0D1A5 
InfraStack-stg | 254/444 | 3:11:04 | DELETE_IN_PROGRESS   | AWS::Lambda::Permission          | MeishiGawariniApistgshopshopIdproductsimportGETApiPermissionTestInfraStackstgMeishiGawariniApistgE6D22CC6GETshopshopIdproductsimport7C133AF6 
InfraStack-stg | 254/444 | 3:11:04 | DELETE_IN_PROGRESS   | AWS::Lambda::Permission          | MeishiGawariniApistgshopshopIdactivatePOSTApiPermissionTestInfraStackstgMeishiGawariniApistgE6D22CC6POSTshopshopIdactivateAD485E5D 
InfraStack-stg | 254/444 | 3:11:04 | DELETE_IN_PROGRESS   | AWS::Lambda::Permission          | MeishiGawariniApistgshopshopIdproductsimportPOSTApiPermissionInfraStackstgMeishiGawariniApistgE6D22CC6POSTshopshopIdproductsimport47F43C50 
InfraStack-stg | 254/444 | 3:11:04 | DELETE_IN_PROGRESS   | AWS::Lambda::Permission          | MeishiGawariniApistgshopshopIdlinkPOSTApiPermissionTestInfraStackstgMeishiGawariniApistgE6D22CC6POSTshopshopIdlinkA074FF06 
InfraStack-stg | 254/444 | 3:11:04 | DELETE_IN_PROGRESS   | AWS::Lambda::Permission          | MeishiGawariniApistgshopshopIdadminsPOSTApiPermissionTestInfraStackstgMeishiGawariniApistgE6D22CC6POSTshopshopIdadmins1305CA64 
InfraStack-stg | 254/444 | 3:11:04 | DELETE_IN_PROGRESS   | AWS::Lambda::Permission          | MeishiGawariniApistgrecipientqrcodesuuidchatPOSTApiPermissionInfraStackstgMeishiGawariniApistgE6D22CC6POSTrecipientqrcodesuuidchat05C9C6C8 
InfraStack-stg | 254/444 | 3:11:04 | DELETE_IN_PROGRESS   | AWS::Lambda::Permission          | MeishiGawariniApistgshopshopIdproductsproductIdPATCHApiPermissionTestInfraStackstgMeishiGawariniApistgE6D22CC6PATCHshopshopIdproductsproductId2BCC4726 
InfraStack-stg | 254/444 | 3:11:04 | DELETE_IN_PROGRESS   | AWS::Lambda::Permission          | MeishiGawariniApistgrecipientqrcodesuuiduploadurlGETApiPermissionTestInfraStackstgMeishiGawariniApistgE6D22CC6GETrecipientqrcodesuuiduploadurlDE9AC109 
InfraStack-stg | 254/444 | 3:11:04 | DELETE_IN_PROGRESS   | AWS::Lambda::Permission          | MeishiGawariniApistgshopshopIdordersqrIdPATCHApiPermissionTestInfraStackstgMeishiGawariniApistgE6D22CC6PATCHshopshopIdordersqrId667EAFCB 
InfraStack-stg | 254/444 | 3:11:04 | DELETE_IN_PROGRESS   | AWS::Lambda::Permission          | MeishiGawariniApistgshopGETApiPermissionTestInfraStackstgMeishiGawariniApistgE6D22CC6GETshop307F60A3 
InfraStack-stg | 254/444 | 3:11:04 | DELETE_IN_PROGRESS   | AWS::Lambda::Permission          | MeishiGawariniApistgshopshopIdactivatePOSTApiPermissionInfraStackstgMeishiGawariniApistgE6D22CC6POSTshopshopIdactivate3B261075 
InfraStack-stg | 254/444 | 3:11:04 | DELETE_IN_PROGRESS   | AWS::Lambda::Permission          | MeishiGawariniApistgshopshopIdordersqrIdPATCHApiPermissionInfraStackstgMeishiGawariniApistgE6D22CC6PATCHshopshopIdordersqrIdE46310B9 
InfraStack-stg | 254/444 | 3:11:04 | DELETE_IN_PROGRESS   | AWS::Lambda::Permission          | MeishiGawariniApistgrecipientsubmitPOSTApiPermissionInfraStackstgMeishiGawariniApistgE6D22CC6POSTrecipientsubmit55EC44BB 
InfraStack-stg | 254/444 | 3:11:04 | DELETE_IN_PROGRESS   | AWS::Lambda::Permission          | MeishiGawariniApistgshopshopIdproductsuploadurlPOSTApiPermissionInfraStackstgMeishiGawariniApistgE6D22CC6POSTshopshopIdproductsuploadurlB1790455 
InfraStack-stg | 254/444 | 3:11:04 | DELETE_IN_PROGRESS   | AWS::Lambda::Permission          | MeishiGawariniApistgrecipientcompletedPOSTApiPermissionTestInfraStackstgMeishiGawariniApistgE6D22CC6POSTrecipientcompletedC2418233 
InfraStack-stg | 254/444 | 3:11:04 | DELETE_IN_PROGRESS   | AWS::Lambda::Permission          | MeishiGawariniApistgshopshopIdproductsuploadurlPOSTApiPermissionTestInfraStackstgMeishiGawariniApistgE6D22CC6POSTshopshopIdproductsuploadurl42E792B5 
InfraStack-stg | 254/444 | 3:11:04 | DELETE_IN_PROGRESS   | AWS::Lambda::Permission          | MeishiGawariniApistgrecipientqrcodesuuidchatGETApiPermissionInfraStackstgMeishiGawariniApistgE6D22CC6GETrecipientqrcodesuuidchat98D3F82F 
InfraStack-stg | 254/444 | 3:11:04 | DELETE_IN_PROGRESS   | AWS::Lambda::Permission          | MeishiGawariniApistgshopPOSTApiPermissionTestInfraStackstgMeishiGawariniApistgE6D22CC6POSTshopAA3BEE72 
InfraStack-stg | 254/444 | 3:11:04 | DELETE_IN_PROGRESS   | AWS::Lambda::Permission          | MeishiGawariniApistgshopshopIdproductsproductIdDELETEApiPermissionInfraStackstgMeishiGawariniApistgE6D22CC6DELETEshopshopIdproductsproductId29A3D2D4 
InfraStack-stg | 254/444 | 3:11:04 | DELETE_IN_PROGRESS   | AWS::ApiGateway::Deployment      | MeishiGawariniApistgDeploymentA336D7ADc9498fd18ad28aad64cdb9d0c60be337 
InfraStack-stg | 254/444 | 3:11:04 | DELETE_IN_PROGRESS   | AWS::Lambda::Permission          | MeishiGawariniApistgrecipientcompletedPOSTApiPermissionInfraStackstgMeishiGawariniApistgE6D22CC6POSTrecipientcompleted40D0028F 
InfraStack-stg | 254/444 | 3:11:04 | DELETE_IN_PROGRESS   | AWS::Lambda::Permission          | MeishiGawariniApistgshopshopIdproductsGETApiPermissionInfraStackstgMeishiGawariniApistgE6D22CC6GETshopshopIdproductsB9ECA8D6 
InfraStack-stg | 254/444 | 3:11:04 | DELETE_IN_PROGRESS   | AWS::Lambda::Permission          | MeishiGawariniApistgshopshopIdqrcodecheckPOSTApiPermissionInfraStackstgMeishiGawariniApistgE6D22CC6POSTshopshopIdqrcodecheck6A72334F 
InfraStack-stg | 254/444 | 3:11:04 | DELETE_IN_PROGRESS   | AWS::Lambda::Permission          | MeishiGawariniApistgrecipientqrcodesuuiduploadurlGETApiPermissionInfraStackstgMeishiGawariniApistgE6D22CC6GETrecipientqrcodesuuiduploadurl9A640419 
InfraStack-stg | 254/444 | 3:11:04 | DELETE_IN_PROGRESS   | AWS::Lambda::Permission          | MeishiGawariniApistgrecipientqrcodesverifyPOSTApiPermissionTestInfraStackstgMeishiGawariniApistgE6D22CC6POSTrecipientqrcodesverify8D0C3390 
InfraStack-stg | 254/444 | 3:11:04 | DELETE_IN_PROGRESS   | AWS::Lambda::Permission          | MeishiGawariniApistgshopshopIdGETApiPermissionInfraStackstgMeishiGawariniApistgE6D22CC6GETshopshopIdFDC57CA5 
InfraStack-stg | 254/444 | 3:11:05 | DELETE_IN_PROGRESS   | AWS::Lambda::Permission          | MeishiGawariniApistgshopshopIdPATCHApiPermissionTestInfraStackstgMeishiGawariniApistgE6D22CC6PATCHshopshopId2B96EAA4 
InfraStack-stg | 254/444 | 3:11:05 | DELETE_SKIPPED       | AWS::Logs::LogGroup              | RecipientApiConstructRecipientVerifyPinFnLogGroup97A700E4 
InfraStack-stg | 254/444 | 3:11:05 | DELETE_SKIPPED       | AWS::Logs::LogGroup              | RecipientApiConstructRecipientChatFnLogGroup9D1CE186 
InfraStack-stg | 254/444 | 3:11:05 | DELETE_SKIPPED       | AWS::Logs::LogGroup              | ShopApiConstructShopOrdersFnLogGroupF923EBDD 
InfraStack-stg | 254/444 | 3:11:05 | DELETE_SKIPPED       | AWS::Logs::LogGroup              | RecipientApiConstructRecipientSubmitFnLogGroup651753D4 
InfraStack-stg | 254/444 | 3:11:05 | DELETE_SKIPPED       | AWS::Logs::LogGroup              | RecipientApiConstructRecipientCompletedFnLogGroupDB31A1F2 
InfraStack-stg | 254/444 | 3:11:05 | DELETE_SKIPPED       | AWS::Logs::LogGroup              | RecipientApiConstructRecipientUploadUrlFnLogGroupBFD2D380 
InfraStack-stg | 254/444 | 3:11:05 | DELETE_SKIPPED       | AWS::Logs::LogGroup              | ShopApiConstructShopMgmtFnLogGroupF5CD7230 
InfraStack-stg | 255/444 | 3:11:05 | DELETE_COMPLETE      | AWS::Lambda::Permission          | MeishiGawariniApistgrecipientqrcodesuuidchatPOSTApiPermissionTestInfraStackstgMeishiGawariniApistgE6D22CC6POSTrecipientqrcodesuuidchat1EE58C5C 
InfraStack-stg | 256/444 | 3:11:05 | DELETE_COMPLETE      | AWS::Lambda::Permission          | MeishiGawariniApistgshopshopIdactivatePOSTApiPermissionTestInfraStackstgMeishiGawariniApistgE6D22CC6POSTshopshopIdactivateAD485E5D 
InfraStack-stg | 257/444 | 3:11:06 | DELETE_COMPLETE      | AWS::Lambda::Permission          | MeishiGawariniApistgrecipientqrcodesuuiduploadurlGETApiPermissionInfraStackstgMeishiGawariniApistgE6D22CC6GETrecipientqrcodesuuiduploadurl9A640419 
InfraStack-stg | 258/444 | 3:11:06 | DELETE_COMPLETE      | AWS::Lambda::Permission          | MeishiGawariniApistgrecipientsubmitPOSTApiPermissionInfraStackstgMeishiGawariniApistgE6D22CC6POSTrecipientsubmit55EC44BB 
InfraStack-stg | 259/444 | 3:11:06 | DELETE_COMPLETE      | AWS::Lambda::Permission          | MeishiGawariniApistgrecipientcompletedPOSTApiPermissionTestInfraStackstgMeishiGawariniApistgE6D22CC6POSTrecipientcompletedC2418233 
InfraStack-stg | 260/444 | 3:11:06 | DELETE_COMPLETE      | AWS::Lambda::Permission          | MeishiGawariniApistgrecipientqrcodesuuidchatGETApiPermissionTestInfraStackstgMeishiGawariniApistgE6D22CC6GETrecipientqrcodesuuidchat44B0700E 
InfraStack-stg | 261/444 | 3:11:07 | DELETE_COMPLETE      | AWS::Lambda::Permission          | MeishiGawariniApistgshopshopIdproductsproductIdDELETEApiPermissionInfraStackstgMeishiGawariniApistgE6D22CC6DELETEshopshopIdproductsproductId29A3D2D4 
InfraStack-stg | 262/444 | 3:11:07 | DELETE_COMPLETE      | AWS::Lambda::Permission          | MeishiGawariniApistgshopshopIdPATCHApiPermissionInfraStackstgMeishiGawariniApistgE6D22CC6PATCHshopshopIdE3FD8C6A 
InfraStack-stg | 263/444 | 3:11:07 | DELETE_COMPLETE      | AWS::Lambda::Permission          | MeishiGawariniApistgshopshopIdproductsimportGETApiPermissionTestInfraStackstgMeishiGawariniApistgE6D22CC6GETshopshopIdproductsimport7C133AF6 
InfraStack-stg | 264/444 | 3:11:08 | DELETE_COMPLETE      | AWS::Lambda::Permission          | MeishiGawariniApistgshopshopIdproductsGETApiPermissionInfraStackstgMeishiGawariniApistgE6D22CC6GETshopshopIdproductsB9ECA8D6 
InfraStack-stg | 265/444 | 3:11:08 | DELETE_COMPLETE      | AWS::Lambda::Permission          | MeishiGawariniApistgshopshopIdproductsproductIdPATCHApiPermissionTestInfraStackstgMeishiGawariniApistgE6D22CC6PATCHshopshopIdproductsproductId2BCC4726 
InfraStack-stg | 266/444 | 3:11:08 | DELETE_COMPLETE      | AWS::Lambda::Permission          | MeishiGawariniApistgshopshopIdproductsPOSTApiPermissionTestInfraStackstgMeishiGawariniApistgE6D22CC6POSTshopshopIdproductsD42FA8B8 
InfraStack-stg | 267/444 | 3:11:08 | DELETE_COMPLETE      | AWS::Lambda::Permission          | MeishiGawariniApistgshopshopIdqrcodecheckPOSTApiPermissionTestInfraStackstgMeishiGawariniApistgE6D22CC6POSTshopshopIdqrcodecheck17ADB34F 
InfraStack-stg | 267/444 | 3:11:10 | DELETE_IN_PROGRESS   | AWS::ApiGateway::Method          | MeishiGawariniApistgrecipientqrcodesOPTIONS6320A038 
InfraStack-stg | 267/444 | 3:11:10 | DELETE_IN_PROGRESS   | AWS::ApiGateway::Method          | MeishiGawariniApistgrecipientqrcodesuuiduploadurlGET7F56EA97 
InfraStack-stg | 267/444 | 3:11:10 | DELETE_IN_PROGRESS   | AWS::ApiGateway::Method          | MeishiGawariniApistgshopshopIdproductsimportGET9497AB44 
InfraStack-stg | 267/444 | 3:11:10 | DELETE_IN_PROGRESS   | AWS::ApiGateway::Method          | MeishiGawariniApistgshopshopIdproductsOPTIONS4513F827 
InfraStack-stg | 267/444 | 3:11:10 | DELETE_IN_PROGRESS   | AWS::ApiGateway::Method          | MeishiGawariniApistgrecipientsubmitOPTIONSD901773C 
InfraStack-stg | 267/444 | 3:11:10 | DELETE_IN_PROGRESS   | AWS::ApiGateway::Method          | MeishiGawariniApistgshopshopIdproductsproductIdOPTIONS7675F212 
InfraStack-stg | 267/444 | 3:11:10 | DELETE_IN_PROGRESS   | AWS::ApiGateway::Method          | MeishiGawariniApistgshopshopIdPATCHD44DC042 
InfraStack-stg | 267/444 | 3:11:10 | DELETE_IN_PROGRESS   | AWS::ApiGateway::Method          | MeishiGawariniApistgshopshopIdadminsPOSTC28C3F9D 
InfraStack-stg | 267/444 | 3:11:10 | DELETE_IN_PROGRESS   | AWS::ApiGateway::Method          | MeishiGawariniApistgshopshopIdqrcodecheckOPTIONS2DAE7CDC 
InfraStack-stg | 267/444 | 3:11:10 | DELETE_IN_PROGRESS   | AWS::ApiGateway::Method          | MeishiGawariniApistgrecipientqrcodesuuidOPTIONS867F6A59 
InfraStack-stg | 267/444 | 3:11:10 | DELETE_IN_PROGRESS   | AWS::ApiGateway::Method          | MeishiGawariniApistgshopshopIdqrcodesGET7A3943D7 
InfraStack-stg | 267/444 | 3:11:10 | DELETE_IN_PROGRESS   | AWS::ApiGateway::Method          | MeishiGawariniApistgshopshopIdordersqrIdPATCH78382B81 
InfraStack-stg | 267/444 | 3:11:10 | DELETE_IN_PROGRESS   | AWS::ApiGateway::Method          | MeishiGawariniApistgrecipientcompletedPOSTF522C366 
InfraStack-stg | 267/444 | 3:11:10 | DELETE_IN_PROGRESS   | AWS::ApiGateway::Method          | MeishiGawariniApistgshopshopIdlinkPOSTF08102A8 
InfraStack-stg | 267/444 | 3:11:10 | DELETE_IN_PROGRESS   | AWS::ApiGateway::Method          | MeishiGawariniApistgrecipientqrcodesuuidchatPOSTE750B453 
InfraStack-stg | 268/444 | 3:11:10 | DELETE_COMPLETE      | AWS::Lambda::Permission          | MeishiGawariniApistgshopshopIdproductsimportPOSTApiPermissionTestInfraStackstgMeishiGawariniApistgE6D22CC6POSTshopshopIdproductsimportC3D049F0 
InfraStack-stg | 269/444 | 3:11:11 | DELETE_COMPLETE      | AWS::Lambda::Permission          | MeishiGawariniApistgshopshopIdadminsPOSTApiPermissionTestInfraStackstgMeishiGawariniApistgE6D22CC6POSTshopshopIdadmins1305CA64 
InfraStack-stg | 270/444 | 3:11:11 | DELETE_COMPLETE      | AWS::Lambda::Permission          | MeishiGawariniApistgshopshopIdproductsuploadurlPOSTApiPermissionInfraStackstgMeishiGawariniApistgE6D22CC6POSTshopshopIdproductsuploadurlB1790455 
InfraStack-stg | 271/444 | 3:11:12 | DELETE_COMPLETE      | AWS::ApiGateway::Method          | MeishiGawariniApistgshopshopIdproductsimportGET9497AB44 
InfraStack-stg | 272/444 | 3:11:12 | DELETE_COMPLETE      | AWS::ApiGateway::Method          | MeishiGawariniApistgshopshopIdqrcodesGET7A3943D7 
InfraStack-stg | 273/444 | 3:11:12 | DELETE_COMPLETE      | AWS::ApiGateway::Method          | MeishiGawariniApistgrecipientqrcodesuuidOPTIONS867F6A59 
InfraStack-stg | 274/444 | 3:11:12 | DELETE_COMPLETE      | AWS::ApiGateway::Method          | MeishiGawariniApistgshopshopIdproductsproductIdOPTIONS7675F212 
InfraStack-stg | 275/444 | 3:11:12 | DELETE_COMPLETE      | AWS::ApiGateway::Method          | MeishiGawariniApistgrecipientqrcodesuuidchatPOSTE750B453 
InfraStack-stg | 276/444 | 3:11:12 | DELETE_COMPLETE      | AWS::ApiGateway::Method          | MeishiGawariniApistgshopshopIdordersqrIdPATCH78382B81 
InfraStack-stg | 277/444 | 3:11:12 | DELETE_COMPLETE      | AWS::ApiGateway::Method          | MeishiGawariniApistgshopshopIdadminsPOSTC28C3F9D 
InfraStack-stg | 278/444 | 3:11:12 | DELETE_COMPLETE      | AWS::ApiGateway::Method          | MeishiGawariniApistgrecipientqrcodesuuiduploadurlGET7F56EA97 
InfraStack-stg | 279/444 | 3:11:12 | DELETE_COMPLETE      | AWS::ApiGateway::Method          | MeishiGawariniApistgshopshopIdlinkPOSTF08102A8 
InfraStack-stg | 280/444 | 3:11:12 | DELETE_COMPLETE      | AWS::ApiGateway::Method          | MeishiGawariniApistgshopshopIdqrcodecheckOPTIONS2DAE7CDC 
InfraStack-stg | 281/444 | 3:11:14 | DELETE_COMPLETE      | AWS::ApiGateway::Method          | MeishiGawariniApistgrecipientOPTIONS6207FC47 
InfraStack-stg | 282/444 | 3:11:14 | DELETE_COMPLETE      | AWS::ApiGateway::Method          | MeishiGawariniApistgshopshopIdproductsimportPOST5423EFD7 
InfraStack-stg | 283/444 | 3:11:14 | DELETE_COMPLETE      | AWS::ApiGateway::Method          | MeishiGawariniApistgshopshopIdproductsuploadurlOPTIONS226B50F2 
InfraStack-stg | 284/444 | 3:11:15 | DELETE_COMPLETE      | AWS::ApiGateway::Method          | MeishiGawariniApistgrecipientsubmitPOSTEF729924 
InfraStack-stg | 285/444 | 3:11:16 | DELETE_COMPLETE      | AWS::ApiGateway::Method          | MeishiGawariniApistgshopshopIdlinkOPTIONS463DF44B 
InfraStack-stg | 285/444 | 3:11:16 | DELETE_IN_PROGRESS   | AWS::Lambda::Function            | RecipientApiConstructRecipientSubmitFnBF3AB313 
InfraStack-stg | 285/444 | 3:11:16 | DELETE_IN_PROGRESS   | AWS::ApiGateway::Resource        | MeishiGawariniApistgshopshopIdlink3C039F23 
InfraStack-stg | 286/444 | 3:11:17 | DELETE_COMPLETE      | AWS::ApiGateway::Method          | MeishiGawariniApistgshopshopIdqrcodecheckPOST0E6D1BAE 
InfraStack-stg | 287/444 | 3:11:17 | DELETE_COMPLETE      | AWS::ApiGateway::Method          | MeishiGawariniApistgshopshopIdordersqrIdOPTIONS1A3A20D6 
InfraStack-stg | 288/444 | 3:11:18 | DELETE_COMPLETE      | AWS::ApiGateway::Method          | MeishiGawariniApistgshopshopIdqrcodesOPTIONS943FE7F2 
InfraStack-stg | 289/444 | 3:11:18 | DELETE_COMPLETE      | AWS::ApiGateway::Method          | MeishiGawariniApistgshopshopIdproductsimportOPTIONS8D6E8AB6 
InfraStack-stg | 290/444 | 3:11:18 | DELETE_COMPLETE      | AWS::ApiGateway::Method          | MeishiGawariniApistgshopPOSTECA686BD 
InfraStack-stg | 291/444 | 3:11:19 | DELETE_COMPLETE      | AWS::ApiGateway::Method          | MeishiGawariniApistgrecipientqrcodesuuiduploadurlOPTIONSC207505A 
InfraStack-stg | 292/444 | 3:11:19 | DELETE_COMPLETE      | AWS::ApiGateway::Method          | MeishiGawariniApistgrecipientcompletedOPTIONS09717C60 
InfraStack-stg | 293/444 | 3:11:19 | DELETE_COMPLETE      | AWS::ApiGateway::Resource        | MeishiGawariniApistgshopshopIdlink3C039F23 
InfraStack-stg | 293/444 | 3:11:20 | DELETE_IN_PROGRESS   | AWS::ApiGateway::Resource        | MeishiGawariniApistgshopshopIdproductsimport6DC74FDE 
InfraStack-stg | 294/444 | 3:11:20 | DELETE_COMPLETE      | AWS::Lambda::Function            | RecipientApiConstructRecipientSubmitFnBF3AB313 
InfraStack-stg | 294/444 | 3:11:20 | DELETE_IN_PROGRESS   | AWS::ApiGateway::Resource        | MeishiGawariniApistgrecipientqrcodesuuiduploadurlC25F891C 
InfraStack-stg | 294/444 | 3:11:20 | DELETE_IN_PROGRESS   | AWS::ApiGateway::Resource        | MeishiGawariniApistgrecipientsubmit0C0E1CD5 
InfraStack-stg | 294/444 | 3:11:20 | DELETE_IN_PROGRESS   | AWS::ApiGateway::Resource        | MeishiGawariniApistgrecipientcompletedFA3446DB 
InfraStack-stg | 295/444 | 3:11:20 | DELETE_COMPLETE      | AWS::ApiGateway::Method          | MeishiGawariniApistgrecipientqrcodesuuidchatGETAEFDD2AC 
InfraStack-stg | 296/444 | 3:11:20 | DELETE_COMPLETE      | AWS::ApiGateway::Method          | MeishiGawariniApistgrecipientqrcodesverifyOPTIONSC21F1446 
InfraStack-stg | 296/444 | 3:11:20 | DELETE_IN_PROGRESS   | AWS::IAM::Policy                 | RecipientApiConstructRecipientSubmitFnServiceRoleDefaultPolicyE41BDD16 
InfraStack-stg | 296/444 | 3:11:21 | DELETE_IN_PROGRESS   | AWS::Lambda::Function            | RecipientApiConstructRecipientChatFn3AEC4AD8 
InfraStack-stg | 297/444 | 3:11:21 | DELETE_COMPLETE      | AWS::ApiGateway::Resource        | MeishiGawariniApistgshopshopIdproductsimport6DC74FDE 
InfraStack-stg | 297/444 | 3:11:21 | DELETE_IN_PROGRESS   | AWS::ApiGateway::Resource        | MeishiGawariniApistgrecipientqrcodesuuidchatA4DE1B71 
InfraStack-stg | 298/444 | 3:11:21 | DELETE_COMPLETE      | AWS::ApiGateway::Resource        | MeishiGawariniApistgrecipientcompletedFA3446DB 
InfraStack-stg | 299/444 | 3:11:22 | DELETE_COMPLETE      | AWS::ApiGateway::Resource        | MeishiGawariniApistgrecipientsubmit0C0E1CD5 
InfraStack-stg | 300/444 | 3:11:22 | DELETE_COMPLETE      | AWS::ApiGateway::Resource        | MeishiGawariniApistgshopshopIdqrcodecheck8DE3959F 
InfraStack-stg | 301/444 | 3:11:22 | DELETE_COMPLETE      | AWS::IAM::Policy                 | RecipientApiConstructRecipientSubmitFnServiceRoleDefaultPolicyE41BDD16 
InfraStack-stg | 302/444 | 3:11:22 | DELETE_COMPLETE      | AWS::ApiGateway::Resource        | MeishiGawariniApistgrecipientqrcodesuuidchatA4DE1B71 
InfraStack-stg | 303/444 | 3:11:23 | DELETE_COMPLETE      | AWS::ApiGateway::Resource        | MeishiGawariniApistgshopshopIdordersqrId9E1EF381 
InfraStack-stg | 304/444 | 3:11:23 | DELETE_COMPLETE      | AWS::ApiGateway::Method          | MeishiGawariniApistgshopGET3E216360 
InfraStack-stg | 304/444 | 3:11:24 | DELETE_IN_PROGRESS   | AWS::IAM::Role                   | RecipientApiConstructRecipientSubmitFnServiceRoleE0B46F82 
InfraStack-stg | 304/444 | 3:11:24 | DELETE_IN_PROGRESS   | AWS::ApiGateway::Resource        | MeishiGawariniApistgshopshopIdordersBAD34503 
InfraStack-stg | 305/444 | 3:11:24 | DELETE_COMPLETE      | AWS::ApiGateway::Resource        | MeishiGawariniApistgshopshopIdqrcodes2A36F9C1 
InfraStack-stg | 306/444 | 3:11:24 | DELETE_COMPLETE      | AWS::ApiGateway::Method          | MeishiGawariniApistgshopshopIdOPTIONS8BB2289C 
InfraStack-stg | 307/444 | 3:11:24 | DELETE_COMPLETE      | AWS::ApiGateway::Method          | MeishiGawariniApistgrecipientqrcodesverifyPOST1BCC5824 
InfraStack-stg | 308/444 | 3:11:24 | DELETE_COMPLETE      | AWS::Lambda::Function            | RecipientApiConstructRecipientUploadUrlFn1F621279 
InfraStack-stg | 308/444 | 3:11:24 | DELETE_IN_PROGRESS   | AWS::ApiGateway::Resource        | MeishiGawariniApistgrecipientqrcodesuuidD385015D 
InfraStack-stg | 308/444 | 3:11:24 | DELETE_IN_PROGRESS   | AWS::ApiGateway::Resource        | MeishiGawariniApistgshopshopIdproductsproductIdCDE4E54B 
InfraStack-stg | 308/444 | 3:11:25 | DELETE_IN_PROGRESS   | AWS::ApiGateway::Resource        | MeishiGawariniApistgrecipientqrcodesverify4FCE18A9 
InfraStack-stg | 308/444 | 3:11:25 | DELETE_IN_PROGRESS   | AWS::IAM::Policy                 | RecipientApiConstructRecipientUploadUrlFnServiceRoleDefaultPolicyCC97E82F 
InfraStack-stg | 308/444 | 3:11:25 | DELETE_IN_PROGRESS   | AWS::Lambda::Function            | RecipientApiConstructRecipientVerifyPinFnEC824C43 
InfraStack-stg | 309/444 | 3:11:25 | DELETE_COMPLETE      | AWS::Lambda::Function            | RecipientApiConstructRecipientChatFn3AEC4AD8 
InfraStack-stg | 309/444 | 3:11:25 | DELETE_IN_PROGRESS   | AWS::Lambda::Function            | RecipientApiConstructRecipientCompletedFn62A437C2 
InfraStack-stg | 309/444 | 3:11:25 | DELETE_IN_PROGRESS   | AWS::IAM::Policy                 | RecipientApiConstructRecipientChatFnServiceRoleDefaultPolicy590FF207 
InfraStack-stg | 310/444 | 3:11:25 | DELETE_COMPLETE      | AWS::ApiGateway::Resource        | MeishiGawariniApistgrecipientqrcodesuuidD385015D 
InfraStack-stg | 311/444 | 3:11:25 | DELETE_COMPLETE      | AWS::ApiGateway::Resource        | MeishiGawariniApistgshopshopIdproductsproductIdCDE4E54B 
InfraStack-stg | 312/444 | 3:11:26 | DELETE_COMPLETE      | AWS::ApiGateway::Resource        | MeishiGawariniApistgrecipientqrcodesverify4FCE18A9 
InfraStack-stg | 313/444 | 3:11:26 | DELETE_COMPLETE      | AWS::IAM::Policy                 | RecipientApiConstructRecipientUploadUrlFnServiceRoleDefaultPolicyCC97E82F 
InfraStack-stg | 313/444 | 3:11:26 | DELETE_IN_PROGRESS   | AWS::ApiGateway::Resource        | MeishiGawariniApistgrecipientqrcodes4290C7B9 
InfraStack-stg | 314/444 | 3:11:26 | DELETE_COMPLETE      | AWS::ApiGateway::Method          | MeishiGawariniApistgshopshopIdproductsuploadurlPOSTC8DE1D28 
InfraStack-stg | 315/444 | 3:11:26 | DELETE_COMPLETE      | AWS::IAM::Policy                 | RecipientApiConstructRecipientChatFnServiceRoleDefaultPolicy590FF207 
InfraStack-stg | 315/444 | 3:11:27 | DELETE_IN_PROGRESS   | AWS::IAM::Role                   | RecipientApiConstructRecipientUploadUrlFnServiceRoleF81BA07E 
InfraStack-stg | 316/444 | 3:11:27 | DELETE_COMPLETE      | AWS::ApiGateway::Resource        | MeishiGawariniApistgshopshopIdordersBAD34503 
InfraStack-stg | 316/444 | 3:11:27 | DELETE_IN_PROGRESS   | AWS::ApiGateway::Resource        | MeishiGawariniApistgshopshopIdproductsuploadurl0B5460D1 
InfraStack-stg | 317/444 | 3:11:27 | DELETE_COMPLETE      | AWS::ApiGateway::Resource        | MeishiGawariniApistgshopshopIdadmins19AF7978 
InfraStack-stg | 317/444 | 3:11:27 | DELETE_IN_PROGRESS   | AWS::IAM::Role                   | RecipientApiConstructRecipientChatFnServiceRoleA9FE1B13 
InfraStack-stg | 318/444 | 3:11:27 | DELETE_COMPLETE      | AWS::ApiGateway::Resource        | MeishiGawariniApistgrecipientqrcodes4290C7B9 
InfraStack-stg | 318/444 | 3:11:28 | DELETE_IN_PROGRESS   | AWS::ApiGateway::Resource        | MeishiGawariniApistgrecipientED45CC07 
InfraStack-stg | 319/444 | 3:11:28 | DELETE_COMPLETE      | AWS::Lambda::Function            | ShopApiConstructShopOrdersFnAF79B630 
InfraStack-stg | 320/444 | 3:11:29 | DELETE_COMPLETE      | AWS::Lambda::Function            | RecipientApiConstructRecipientVerifyPinFnEC824C43 
InfraStack-stg | 320/444 | 3:11:29 | DELETE_IN_PROGRESS   | AWS::IAM::Policy                 | ShopApiConstructShopOrdersFnServiceRoleDefaultPolicy051294B6 
InfraStack-stg | 320/444 | 3:11:29 | DELETE_IN_PROGRESS   | AWS::IAM::Policy                 | RecipientApiConstructRecipientVerifyPinFnServiceRoleDefaultPolicy9D17B74C 
InfraStack-stg | 321/444 | 3:11:29 | DELETE_COMPLETE      | AWS::Lambda::Function            | RecipientApiConstructRecipientCompletedFn62A437C2 
InfraStack-stg | 322/444 | 3:11:29 | DELETE_COMPLETE      | AWS::ApiGateway::Resource        | MeishiGawariniApistgrecipientED45CC07 
InfraStack-stg | 323/444 | 3:11:30 | DELETE_COMPLETE      | AWS::ApiGateway::Method          | MeishiGawariniApistgshopshopIdactivatePOST7E38AA26 
InfraStack-stg | 323/444 | 3:11:30 | DELETE_IN_PROGRESS   | AWS::IAM::Policy                 | RecipientApiConstructRecipientCompletedFnServiceRoleDefaultPolicy79F4F5F2 
InfraStack-stg | 324/444 | 3:11:30 | DELETE_COMPLETE      | AWS::IAM::Policy                 | ShopApiConstructShopOrdersFnServiceRoleDefaultPolicy051294B6 
InfraStack-stg | 324/444 | 3:11:30 | DELETE_IN_PROGRESS   | AWS::Lambda::Function            | ShopApiConstructShopMgmtFn331C1350 
InfraStack-stg | 324/444 | 3:11:30 | DELETE_IN_PROGRESS   | AWS::ApiGateway::Resource        | MeishiGawariniApistgshopshopIdactivate95B54A0F 
InfraStack-stg | 324/444 | 3:11:30 | DELETE_IN_PROGRESS   | AWS::IAM::Role                   | ShopApiConstructShopOrdersFnServiceRoleD29C7138 
InfraStack-stg | 325/444 | 3:11:30 | DELETE_COMPLETE      | AWS::IAM::Policy                 | RecipientApiConstructRecipientVerifyPinFnServiceRoleDefaultPolicy9D17B74C 
InfraStack-stg | 326/444 | 3:11:31 | DELETE_COMPLETE      | AWS::IAM::Policy                 | RecipientApiConstructRecipientCompletedFnServiceRoleDefaultPolicy79F4F5F2 
InfraStack-stg | 326/444 | 3:11:31 | DELETE_IN_PROGRESS   | AWS::IAM::Role                   | RecipientApiConstructRecipientVerifyPinFnServiceRole0B0AED25 
InfraStack-stg | 326/444 | 3:11:31 | DELETE_IN_PROGRESS   | AWS::IAM::Role                   | RecipientApiConstructRecipientCompletedFnServiceRoleF3D418FB 
InfraStack-stg | 327/444 | 3:11:31 | DELETE_COMPLETE      | AWS::ApiGateway::Resource        | MeishiGawariniApistgshopshopIdactivate95B54A0F 
InfraStack-stg | 328/444 | 3:11:32 | DELETE_COMPLETE      | AWS::ApiGateway::Resource        | MeishiGawariniApistgshopshopIdproductsuploadurl0B5460D1 
InfraStack-stg | 328/444 | 3:11:33 | DELETE_IN_PROGRESS   | AWS::ApiGateway::Resource        | MeishiGawariniApistgshopshopIdproducts9C2D2A05 
InfraStack-stg | 329/444 | 3:11:34 | DELETE_COMPLETE      | AWS::Lambda::Function            | ShopApiConstructShopMgmtFn331C1350 
InfraStack-stg | 330/444 | 3:11:34 | DELETE_COMPLETE      | AWS::ApiGateway::Resource        | MeishiGawariniApistgshopshopIdproducts9C2D2A05 
InfraStack-stg | 330/444 | 3:11:34 | DELETE_IN_PROGRESS   | AWS::IAM::Policy                 | ShopApiConstructShopMgmtFnServiceRoleDefaultPolicy7AE19D0C 
InfraStack-stg | 330/444 | 3:11:35 | DELETE_IN_PROGRESS   | AWS::ApiGateway::Resource        | MeishiGawariniApistgshopshopIdF889D8B2 
InfraStack-stg | 331/444 | 3:11:36 | DELETE_COMPLETE      | AWS::ApiGateway::Resource        | MeishiGawariniApistgshopshopIdF889D8B2 
InfraStack-stg | 332/444 | 3:11:36 | DELETE_COMPLETE      | AWS::IAM::Role                   | RecipientApiConstructRecipientSubmitFnServiceRoleE0B46F82 
InfraStack-stg | 333/444 | 3:11:36 | DELETE_COMPLETE      | AWS::IAM::Policy                 | ShopApiConstructShopMgmtFnServiceRoleDefaultPolicy7AE19D0C 
InfraStack-stg | 333/444 | 3:11:36 | DELETE_IN_PROGRESS   | AWS::IAM::Role                   | ShopApiConstructShopMgmtFnServiceRole91904B66 
InfraStack-stg | 334/444 | 3:11:39 | DELETE_COMPLETE      | AWS::IAM::Role                   | RecipientApiConstructRecipientUploadUrlFnServiceRoleF81BA07E 
InfraStack-stg | 335/444 | 3:11:41 | DELETE_COMPLETE      | AWS::IAM::Role                   | RecipientApiConstructRecipientChatFnServiceRoleA9FE1B13 
InfraStack-stg | 336/444 | 3:11:43 | DELETE_COMPLETE      | AWS::IAM::Role                   | ShopApiConstructShopOrdersFnServiceRoleD29C7138 
InfraStack-stg | 337/444 | 3:11:43 | DELETE_COMPLETE      | AWS::IAM::Role                   | RecipientApiConstructRecipientVerifyPinFnServiceRole0B0AED25 
InfraStack-stg | 338/444 | 3:11:47 | DELETE_COMPLETE      | AWS::IAM::Role                   | RecipientApiConstructRecipientCompletedFnServiceRoleF3D418FB 
InfraStack-stg | 339/444 | 3:11:50 | DELETE_COMPLETE      | AWS::IAM::Role                   | ShopApiConstructShopMgmtFnServiceRole91904B66 
InfraStack-stg | 340/444 | 3:11:51 | UPDATE_COMPLETE      | AWS::CloudFormation::Stack       | InfraStack-stg 

 ✅  InfraStack-stg

✨  Deployment time: 211.57s

Outputs:
InfraStack-stg.ApiUrl = https://myhns45wab.execute-api.ap-northeast-1.amazonaws.com/prod/
InfraStack-stg.BucketName = infrastack-stg-productimagebucketstgd45c2095-bynugbbshkh4
InfraStack-stg.MeishiGawariniApistgEndpointA1299036 = https://myhns45wab.execute-api.ap-northeast-1.amazonaws.com/prod/
InfraStack-stg.TableName = InfraStack-stg-MeishiGawariniTableV2stg5DC5099D-LI8MBONMHDR1
InfraStack-stg.UserPoolClientId = r8bnmou7ekgp4msaf6ksc9584
InfraStack-stg.UserPoolId = ap-northeast-1_Gz535LkPB
Stack ARN:
arn:aws:cloudformation:ap-northeast-1:591402270136:stack/InfraStack-stg/62eadb90-22e5-11f1-9a0e-063480082ce5

✨  Total time: 262.17s


NOTICES         (What's this? https://github.com/aws/aws-cdk/wiki/CLI-Notices)

37013	(cli) cdk watch triggers deployment unexpectedly or not at all

	Overview: Do not use 'cdk watch' with this version of the cdk cli.
	          Upgrade to ^2.1106.0.

	Affected versions: cli: >=2.1103.0 <2.1106.0

	More information at: https://github.com/aws/aws-cdk/issues/37013


34892	CDK CLI collects telemetry data on command usage starting at version 2.1100.0 (unless opted out)

	Overview: We do not collect customer content and we anonymize the
	          telemetry we do collect. See the attached issue for more
	          information on what data is collected, why, and how to
	          opt-out. Telemetry will NOT be collected for any CDK CLI
	          version prior to version 2.1100.0 - regardless of
	          opt-in/out. You can also view the telemetry we collect by
	          logging it to a local file, by adding
	          `--telemetry-file=my/local/file` to any `cdk` command.

	Affected versions: cli: >=2.1100.0 <2.1106.1

	More information at: https://github.com/aws/aws-cdk/issues/34892


If you don’t want to see a notice anymore, use "cdk acknowledge <id>". For example, "cdk acknowledge 37013".
